id,level,source_page,section,entry_type,word,article,plural,word_type
1,A1,6,zahlen,section_title,Zahlen,,,Noun
2,A1,6,zahlen,main,eins,,,Number
3,A1,6,zahlen,main,zwei,,,Number
4,A1,6,zahlen,main,drei,,,Number
5,A1,6,zahlen,main,vier,,,Number
6,A1,6,zahlen,main,fünf,,,Number
7,A1,6,zahlen,main,sechs,,,Number
8,A1,6,zahlen,main,sieben,,,Number
9,A1,6,zahlen,main,acht,,,Number
10,A1,6,zahlen,main,neun,,,Number
11,A1,6,zahlen,main,zehn,,,Number
12,A1,6,zahlen,main,elf,,,Number
13,A1,6,zahlen,main,zwölf,,,Number
14,A1,6,zahlen,main,dreizehn,,,Number
15,A1,6,zahlen,main,vierzehn,,,Number
16,A1,6,zahlen,main,fünfzehn,,,Number
17,A1,6,zahlen,main,sechzehn,,,Number
18,A1,6,zahlen,main,siebzehn,,,Number
19,A1,6,zahlen,main,achtzehn,,,Number
20,A1,6,zahlen,main,neunzehn,,,Number
21,A1,6,zahlen,main,zwanzig,,,Number
22,A1,6,zahlen,main,einundzwanzig,,,Number
23,A1,6,zahlen,main,dreißig,,,Number
24,A1,6,zahlen,main,vierzig,,,Number
25,A1,6,zahlen,main,fünfzig,,,Number
26,A1,6,zahlen,main,sechzig,,,Number
27,A1,6,zahlen,main,siebzig,,,Number
28,A1,6,zahlen,main,achtzig,,,Number
29,A1,6,zahlen,main,neunzig,,,Number
30,A1,6,zahlen,main,hundert,,,Number
31,A1,6,zahlen,main,hunderteins,,,Number
32,A1,6,zahlen,main,zweihundert,,,Number
33,A1,6,zahlen,main,tausend,,,Number
34,A1,6,zahlen,main,Million,die,-en,Noun
35,A1,6,zahlen,main,Milliarde,die,-en,Noun
36,A1,6,zahlen,main,erste,,,Number
37,A1,6,zahlen,main,zweite,,,Number
38,A1,6,zahlen,main,dritte,,,Number
39,A1,6,zahlen,main,vierte,,,Number
40,A1,6,zahlen,main,Datum,das,,Noun
41,A1,6,zahlen,main,halb,,,Other
42,A1,6,zahlen,main,Viertel,das,,Noun
43,A1,7,uhrzeit,section_title,Uhrzeit,die,,Noun
44,A1,7,uhrzeit,main,Sekunde,die,-n,Noun
45,A1,7,uhrzeit,main,Minute,die,-n,Noun
46,A1,7,uhrzeit,main,Stunde,die,-n,Noun
47,A1,7,zeitmaße,section_title,Zeitmaß,das,-e,Noun
48,A1,7,zeitmaße,section_title,Zeitangabe,die,-n,Noun
49,A1,7,zeitmaße,main,Tag,der,-e,Noun
50,A1,7,zeitmaße,main,Woche,die,-n,Noun
51,A1,7,zeitmaße,main,Jahr,das,-e,Noun
52,A1,7,woche,section_title,Wochentag,der,-e,Noun
53,A1,7,woche,main,Wochenende,das,,Noun
54,A1,7,woche,main,Sonntag,der,,Noun
55,A1,7,woche,main,Montag,der,,Noun
56,A1,7,woche,main,Dienstag,der,,Noun
57,A1,7,woche,main,Mittwoch,der,,Noun
58,A1,7,woche,main,Donnerstag,der,,Noun
59,A1,7,woche,main,Freitag,der,,Noun
60,A1,7,woche,main,Samstag,der,,Noun
61,A1,7,woche,sub,Sonnabend,der,,Noun
62,A1,7,tageszeiten,section_title,Tageszeit,die,-en,Noun
63,A1,7,tageszeiten,main,Morgen,der,,Noun
64,A1,7,tageszeiten,main,Vormittag,der,-e,Noun
65,A1,7,tageszeiten,main,Mittag,der,,Noun
66,A1,7,tageszeiten,main,Nachmittag,der,-e,Noun
67,A1,7,tageszeiten,main,Abend,der,-e,Noun
68,A1,7,tageszeiten,main,Nacht,die,¨-e,Noun
69,A1,7,monat,section_title,Monat,der,-e,Noun
70,A1,7,monat,section_title,Monatsname,der,-n,Noun
71,A1,7,monat,main,Januar,der,,Noun
72,A1,7,monat,main,Februar,der,,Noun
73,A1,7,monat,main,März,der,,Noun
74,A1,7,monat,main,April,der,,Noun
75,A1,7,monat,main,Mai,der,,Noun
76,A1,7,monat,main,Juni,der,,Noun
77,A1,7,monat,main,Juli,der,,Noun
78,A1,7,monat,main,August,der,,Noun
79,A1,7,monat,main,September,der,,Noun
80,A1,7,monat,main,Oktober,der,,Noun
81,A1,7,monat,main,November,der,,Noun
82,A1,7,monat,main,Dezember,der,,Noun
83,A1,8,jahreszeiten,section_title,Jahreszeit,die,-en,Noun
84,A1,8,jahreszeiten,main,Frühling,der,,Noun
85,A1,8,jahreszeiten,sub,Frühjahr,das,,Noun
86,A1,8,jahreszeiten,main,Sommer,der,,Noun
87,A1,8,jahreszeiten,main,Herbst,der,,Noun
88,A1,8,jahreszeiten,main,Winter,der,,Noun
89,A1,8,waehrungen,section_title,Währung,die,-en,Noun
90,A1,8,waehrungen,main,Euro,der,,Noun
91,A1,8,waehrungen,sub,Cent,der,,Noun
92,A1,8,masse,section_title,Maß,das,-e,Noun
93,A1,8,masse,section_title,Gewicht,das,-e,Noun
94,A1,8,masse,main,Meter,der,,Noun
95,A1,8,masse,sub,Zentimeter,der,,Noun
96,A1,8,masse,main,Kilometer,der,,Noun
97,A1,8,masse,main,Quadratmeter,der,,Noun
98,A1,8,masse,main,Grad,der,,Noun
99,A1,8,masse,main,Prozent,das,,Noun
100,A1,8,masse,main,Liter,der,,Noun
101,A1,8,masse,main,Gramm,das,,Noun
102,A1,8,masse,sub,Pfund,das,,Noun
103,A1,8,masse,main,Kilogramm,das,,Noun
104,A1,8,laender,section_title,Land,das,¨-er,Noun
105,A1,8,laender,section_title,Ländername,der,-n,Noun
106,A1,8,laender,section_title,Nationalität,die,-en,Noun
107,A1,8,laender,main,Deutschland,,,Noun
108,A1,8,laender,sub,Deutschen,der/die,-n,Noun
109,A1,8,laender,main,Europa,,,Noun
110,A1,8,laender,sub,Europäer,der,,Noun
111,A1,8,laender,sub,europäisch,,,Adjective
112,A1,8,farben,section_title,Farbe,die,-n,Noun
113,A1,8,farben,main,schwarz,,,Adjective
114,A1,8,farben,main,grau,,,Adjective
115,A1,8,farben,main,blau,,,Adjective
116,A1,8,farben,main,grün,,,Adjective
117,A1,8,farben,main,weiß,,,Adjective
118,A1,8,farben,main,rot,,,Adjective
119,A1,8,farben,main,gelb,,,Adjective
120,A1,8,farben,main,braun,,,Adjective
121,A1,8,himmelsrichtungen,section_title,Himmelsrichtung,die,-en,Noun
122,A1,8,himmelsrichtungen,main,Norden,der,,Noun
123,A1,8,himmelsrichtungen,main,Süden,der,,Noun
124,A1,8,himmelsrichtungen,main,Westen,der,,Noun
125,A1,8,himmelsrichtungen,main,Osten,der,,Noun
126,A1,9,A,main,ab,,,Other
127,A1,9,A,main,aber,,,Other
128,A1,9,A,main,abfahren,,,Verb
129,A1,9,A,sub,Abfahrt,die,,Noun
130,A1,9,A,main,abgeben,,,Verb
131,A1,9,A,main,abholen,,,Verb
132,A1,9,A,main,Absender,der,,Noun
133,A1,9,A,main,Achtung,,,Other
134,A1,9,A,main,Adresse,die,-en,Noun
135,A1,9,A,main,all-,,,Other
136,A1,9,A,main,allein,,,Other
137,A1,9,A,main,also,,,Other
138,A1,9,A,main,alt,,,Other
139,A1,9,A,main,Alter,das,,Noun
140,A1,9,A,main,an,,,Other
141,A1,9,A,main,anbieten,,,Verb
142,A1,9,A,sub,Angebot,das,-e,Noun
143,A1,9,A,main,ander-,,,Other
144,A1,9,A,main,anfangen,,,Verb
145,A1,9,A,sub,Anfang,der,,Noun
146,A1,9,A,main,anklicken,,,Verb
147,A1,9,A,main,ankommen,,,Verb
148,A1,9,A,main,Ankunft,die,,Noun
149,A1,9,A,main,ankreuzen,,,Verb
150,A1,9,A,main,anmachen,,,Verb
151,A1,9,A,main,anmelden,,,Verb
152,A1,9,A,main,Anrede,die,,Noun
153,A1,9,A,main,anrufen,,,Verb
154,A1,9,A,main,Anruf,der,-e,Noun
155,A1,9,A,sub,Anruf-,der,,Noun
156,A1,10,A,main,Ansage,die,-n,Noun
157,A1,10,A,main,Anschluss,der,,Noun
158,A1,10,A,main,an sein,,,Other
159,A1,10,A,main,antworten,,,Verb
160,A1,10,A,sub,Antwort,die,-en,Noun
161,A1,10,A,main,Anzeige,die,-n,Noun
162,A1,10,A,main,anziehen,,,Verb
163,A1,10,A,main,Apartment,das,-s,Noun
164,A1,10,A,main,Apfel,der,,Noun
165,A1,10,A,main,Appetit,der,,Noun
166,A1,10,A,main,arbeiten,,,Verb
167,A1,10,A,sub,Arbeit,die,-en,Noun
168,A1,10,A,main,arbeitslos,,,Other
169,A1,10,A,main,Arbeitsplatz,der,"-ä, e",Noun
170,A1,10,A,main,Arm,der,-e,Noun
171,A1,10,A,main,Arzt,der,,Noun
172,A1,10,A,main,auch,,,Other
173,A1,10,A,main,auf,,,Other
174,A1,10,A,main,Aufgabe,die,-n,Noun
175,A1,10,A,main,aufhören,,,Verb
176,A1,10,A,main,auf sein,,,Other
177,A1,10,A,main,aufstehen,,,Verb
178,A1,10,A,main,Aufzug,der,"-ü, e",Noun
179,A1,10,A,main,Auge,das,-n,Noun
180,A1,10,A,main,aus,,,Other
181,A1,10,A,main,Ausflug,der,,Noun
182,A1,10,A,main,ausfüllen,,,Verb
183,A1,10,A,main,Ausgang,der,,Noun
184,A1,10,A,main,Auskunft,die,"-ü, e",Noun
185,A1,10,A,main,Ausland,das,,Noun
186,A1,10,A,sub,Ausländer,der,-,Noun
187,A1,10,A,sub,ausländisch,,,Other
188,A1,10,A,main,ausmachen,,,Verb
189,A1,10,A,main,Aussage,die,-n,Noun
190,A1,10,A,main,aussehen,,,Verb
191,A1,10,A,main,aus sein,,,Other
192,A1,10,A,main,aussteigen,,,Verb
193,A1,10,A,main,Ausweis,der,,Noun
194,A1,10,A,main,ausziehen,,,Verb
195,A1,10,A,main,Autobahn,die,-en,Noun
196,A1,10,A,main,Automat,der,,Noun
197,A1,10,A,main,automatisch,,,Other
198,A1,11,B,main,Baby,das,-s,Noun
199,A1,11,B,main,Bäckerei,die,,Noun
200,A1,11,B,main,Bad,das,,Noun
201,A1,11,B,main,baden,,,Verb
202,A1,11,B,main,Bahn,die,,Noun
203,A1,11,B,main,Bahnhof,der,,Noun
204,A1,11,B,main,Bahnsteig,der,,Noun
205,A1,11,B,main,bald,,,Other
206,A1,11,B,main,Balkon,der,,Noun
207,A1,11,B,main,Banane,die,-n,Noun
208,A1,11,B,main,Bank,die,,Noun
209,A1,11,B,main,bar,,,Other
210,A1,11,B,main,Bauch,der,,Noun
211,A1,11,B,main,Baum,der,"-ä, e",Noun
212,A1,11,B,main,Beamte,der,-n,Noun
213,A1,11,B,main,bedeuten,,,Verb
214,A1,11,B,main,beginnen,,,Verb
215,A1,11,B,main,bei,,,Other
216,A1,11,B,main,beide,,,Other
217,A1,11,B,main,Bein,das,-e,Noun
218,A1,11,B,main,Beispiel,das,-e,Noun
219,A1,11,B,main,bekannt,,,Other
220,A1,11,D,main,der/die,,,Other
221,A1,11,B,main,bekommen,,,Verb
222,A1,11,B,main,benutzen,,,Verb
223,A1,11,B,main,Beruf,der,-e,Noun
224,A1,11,B,main,besetzt,,,Other
225,A1,11,B,main,besichtigen,,,Verb
226,A1,11,B,main,besser,,,Other
227,A1,11,B,main,best-,,,Other
228,A1,11,B,main,bestellen,,,Verb
229,A1,11,B,main,besuchen,,,Verb
230,A1,11,B,main,Bett,das,-en,Noun
231,A1,11,B,main,bezahlen,,,Verb
232,A1,11,B,main,Bier,das,,Noun
233,A1,11,B,main,Bild,das,-er,Noun
234,A1,11,B,main,billig,,,Other
235,A1,12,B,main,Birne,die,-n,Noun
236,A1,12,B,main,bis,,,Other
237,A1,12,B,main,bisschen,,,Verb
238,A1,12,B,main,bitte,,,Other
239,A1,12,B,sub,Bitte,die,-n,Noun
240,A1,12,B,sub,bitten,,,Verb
241,A1,12,B,main,bitter,,,Other
242,A1,12,B,main,bleiben,,,Verb
243,A1,12,B,main,Bleistift,der,-e,Noun
244,A1,12,B,main,Blick,der,,Noun
245,A1,12,B,main,Blume,die,-n,Noun
246,A1,12,B,main,Bogen,der,,Noun
247,A1,12,B,main,böse,,,Other
248,A1,12,B,main,brauchen,,,Verb
249,A1,12,B,main,breit,,,Other
250,A1,12,B,main,Brief,der,-e,Noun
251,A1,12,B,main,Briefmarke,die,-n,Noun
252,A1,12,B,main,bringen,,,Verb
253,A1,12,B,main,Brot,das,-e,Noun
254,A1,12,B,main,Brötchen,das,–,Noun
255,A1,12,B,main,Bruder,der,-ü,Noun
256,A1,12,B,main,Buch,das,"-ü, er",Noun
257,A1,12,B,main,Buchstabe,der,-n,Noun
258,A1,12,B,main,buchstabieren,,,Verb
259,A1,12,B,main,Bus,der,-se,Noun
260,A1,12,B,main,Butter,die,,Noun
261,A1,12,C,main,Café,das,-s,Noun
262,A1,12,C,main,CD,die,-s,Noun
263,A1,12,C,main,Chef,der,,Noun
264,A1,12,C,main,circa/ca.,,,Other
265,A1,12,C,main,Computer,der,–,Noun
266,A1,12,D,main,da,,,Other
267,A1,12,D,main,Dame,die,-n,Noun
268,A1,13,D,main,daneben,,,Verb
269,A1,13,D,main,danken,,,Verb
270,A1,13,D,sub,Dank,der,,Noun
271,A1,13,D,sub,danke,,,Other
272,A1,13,D,main,dann,,,Other
273,A1,13,D,main,Datum,das,,Noun
274,A1,13,D,main,dauern,,,Verb
275,A1,13,D,main,dein-,,,Other
276,A1,13,D,main,denn,,,Other
277,A1,13,D,main,dich,,,Other
278,A1,13,D,main,dies-,,,Other
279,A1,13,D,main,dir,,,Other
280,A1,13,D,main,Disco,die,,Noun
281,A1,13,D,main,Doktor,der,,Noun
282,A1,13,D,main,Doppelzimmer,das,,Noun
283,A1,13,D,main,Dorf,das,"-ö, er",Noun
284,A1,13,D,main,draußen,,,Verb
285,A1,13,D,main,drucken,,,Verb
286,A1,13,D,sub,Drucker,der,–,Noun
287,A1,13,D,main,drücken,,,Verb
288,A1,13,D,main,durch,,,Other
289,A1,13,D,main,Durchsage,die,-n,Noun
290,A1,13,D,main,dürfen,,,Verb
291,A1,13,D,main,Durst,der,,Noun
292,A1,13,D,main,duschen,,,Verb
293,A1,13,E,main,Ecke,die,-n,Noun
294,A1,13,E,main,Ehefrau,die,-en/,Noun
295,A1,13,E,main,Ehemann,der,"ä, er",Noun
296,A1,13,E,main,Ei,das,-er,Noun
297,A1,13,E,main,eilig,,,Other
298,A1,13,E,main,ein-,,,Other
299,A1,13,E,main,einfach,,,Other
300,A1,13,E,main,Eingang,der,,Noun
301,A1,13,E,main,einkaufen,,,Verb
302,A1,13,E,main,einladen,,,Verb
303,A1,13,E,sub,Einladung,die,,Noun
304,A1,14,E,main,einmal,,,Other
305,A1,14,E,main,einsteigen,,,Verb
306,A1,14,E,main,Eintritt,der,,Noun
307,A1,14,E,main,Einzelzimmer,das,,Noun
308,A1,14,E,main,Eltern,die,,Noun
309,A1,14,E,main,E-Mail,die,-s,Noun
310,A1,14,E,main,Empfänger,der,–,Noun
311,A1,14,E,main,empfehlen,,,Verb
312,A1,14,E,main,enden,,,Verb
313,A1,14,E,sub,Ende,das,,Noun
314,A1,14,E,main,entschuldigen,,,Verb
315,A1,14,E,sub,Entschuldigung,die,,Noun
316,A1,14,E,main,er,,,Other
317,A1,14,E,main,Ergebnis,das,-se,Noun
318,A1,14,E,main,erklären,,,Verb
319,A1,14,E,main,erlauben,,,Verb
320,A1,14,E,main,Erwachsene,der,-n,Noun
321,A1,14,E,main,erzählen,,,Verb
322,A1,14,E,main,es,,,Other
323,A1,14,E,main,essen,,,Verb
324,A1,14,E,sub,Essen,das,,Noun
325,A1,14,E,main,euer,,,Other
326,A1,14,F,main,fahren,,,Verb
327,A1,14,F,sub,Fahrer,der,,Noun
328,A1,14,F,main,Fahrkarte,die,-n,Noun
329,A1,14,F,main,Fahrrad,das,"-ä, er",Noun
330,A1,14,F,main,falsch,,,Other
331,A1,14,F,main,Familie,die,-n,Noun
332,A1,14,F,sub,Familienname,der,,Noun
333,A1,14,F,sub,Familienstand,der,,Noun
334,A1,14,F,main,Farbe,die,-n,Noun
335,A1,14,F,main,Fax,das,-e,Noun
336,A1,14,F,main,feiern,,,Verb
337,A1,14,F,main,fehlen,,,Verb
338,A1,14,F,main,Fehler,der,–,Noun
339,A1,14,F,main,fernsehen,,,Verb
340,A1,14,F,main,fertig,,,Other
341,A1,14,F,main,Feuer,das,,Noun
342,A1,14,F,main,Fieber,das,,Noun
343,A1,14,F,main,Film,der,-e,Noun
344,A1,14,F,main,finden,,,Verb
345,A1,14,F,main,Firma,die,,Noun
346,A1,14,F,main,Fisch,der,-e,Noun
347,A1,15,F,main,Flasche,die,-n,Noun
348,A1,15,F,main,Fleisch,das,,Noun
349,A1,15,F,main,fliegen,,,Verb
350,A1,15,A,sub,abfliegen,,,Verb
351,A1,15,F,main,Flughafen,der,,Noun
352,A1,15,F,main,Flugzeug,das,,Noun
353,A1,15,F,main,Formular,das,-e,Noun
354,A1,15,F,main,Foto,das,-s,Noun
355,A1,15,F,main,fragen,,,Verb
356,A1,15,F,sub,Frage,die,-n,Noun
357,A1,15,F,main,Frau,die,-en,Noun
358,A1,15,F,main,frei,,,Other
359,A1,15,F,main,Freizeit,die,,Noun
360,A1,15,F,main,fremd,,,Other
361,A1,15,F,main,freuen,,,Verb
362,A1,15,F,main,Freund,der,-e,Noun
363,A1,15,F,main,früher,,,Other
364,A1,15,F,main,frühstücken,,,Verb
365,A1,15,F,sub,Frühstück,das,,Noun
366,A1,15,F,main,Führung,die,,Noun
367,A1,15,F,main,für,,,Other
368,A1,15,F,main,Fuß,der,"-ü, e",Noun
369,A1,15,F,main,Fußball,der,,Noun
370,A1,15,G,main,Garten,der,,Noun
371,A1,15,G,main,Gast,der,"-ä, e",Noun
372,A1,15,G,main,geben,,,Verb
373,A1,15,G,main,geboren,,,Verb
374,A1,15,G,main,Geburtsjahr,das,,Noun
375,A1,15,G,main,Geburtstag,der,,Noun
376,A1,15,G,main,gefallen,,,Verb
377,A1,15,G,main,gegen,,,Verb
378,A1,15,G,main,gehen,,,Verb
379,A1,15,G,main,gehören,,,Verb
380,A1,15,G,main,Geld,das,,Noun
381,A1,15,G,main,Gemüse,das,,Noun
382,A1,16,G,main,Gepäck,das,,Noun
383,A1,16,G,main,gerade,,,Other
384,A1,16,G,main,geradeaus,,,Other
385,A1,16,G,main,gern(e),,,Other
386,A1,16,G,main,Geschäft,das,-e,Noun
387,A1,16,G,main,Geschenk,das,-e,Noun
388,A1,16,G,main,Geschwister,die,,Noun
389,A1,16,G,main,gestern,,,Verb
390,A1,16,G,main,gestorben,,,Verb
391,A1,16,G,main,Getränk,das,-e,Noun
392,A1,16,G,main,Gewicht,das,,Noun
393,A1,16,G,main,gewinnen,,,Verb
394,A1,16,G,main,Glas,das,"-ä, er",Noun
395,A1,16,G,main,glauben,,,Verb
396,A1,16,G,main,gleich,,,Other
397,A1,16,G,main,Gleis,das,-e,Noun
398,A1,16,G,main,Glück,das,,Noun
399,A1,16,G,main,glücklich,,,Other
400,A1,16,G,main,Glückwunsch,der,,Noun
401,A1,16,G,main,grillen,,,Verb
402,A1,16,G,main,groß,,,Other
403,A1,16,G,sub,Größe,die,,Noun
404,A1,16,G,main,Großeltern,die,,Noun
405,A1,16,G,sub,Großmutter,die,,Noun
406,A1,16,G,sub,Großvater,der,,Noun
407,A1,16,G,main,Gruppe,die,-n,Noun
408,A1,16,G,main,Gruß,der,"-ü, e",Noun
409,A1,16,G,main,gültig,,,Other
410,A1,16,G,main,günstig,,,Other
411,A1,16,G,main,gut,,,Other
412,A1,16,H,main,Haar,das,-e,Noun
413,A1,16,H,main,haben,,,Verb
414,A1,16,H,main,Hähnchen,das,-,Noun
415,A1,16,H,main,Halbpension,die,,Noun
416,A1,16,H,main,Halle,die,,Noun
417,A1,16,H,main,hallo,,,Other
418,A1,17,H,main,halten,,,Verb
419,A1,17,H,main,Haltestelle,die,,Noun
420,A1,17,H,main,Hand,die,"-ä, e",Noun
421,A1,17,H,main,Handy,das,-s,Noun
422,A1,17,H,main,Haus,das,"-ä, er",Noun
423,A1,17,H,main,Hausaufgabe,die,-n,Noun
424,A1,17,H,main,Hausfrau,die,-en/,Noun
425,A1,17,H,main,Heimat,die,,Noun
426,A1,17,H,main,heiraten,,,Verb
427,A1,17,H,main,heißen,,,Verb
428,A1,17,H,main,helfen,,,Verb
429,A1,17,H,main,hell,,,Other
430,A1,17,H,main,Herd,der,,Noun
431,A1,17,H,main,Herr,der,-en,Noun
432,A1,17,H,main,herzlich,,,Other
433,A1,17,H,main,heute,,,Other
434,A1,17,H,main,hier,,,Other
435,A1,17,H,main,Hilfe,die,,Noun
436,A1,17,H,main,hinten,,,Verb
437,A1,17,H,main,Hobby,das,-s,Noun
438,A1,17,H,main,hoch,,,Other
439,A1,17,H,main,Hochzeit,die,,Noun
440,A1,17,H,main,holen,,,Verb
441,A1,17,H,main,hören,,,Verb
442,A1,17,H,main,Hotel,das,-s,Noun
443,A1,17,H,main,Hund,der,-e,Noun
444,A1,17,H,main,Hunger,der,,Noun
445,A1,17,I,main,ich,,,Other
446,A1,17,I,main,ihr/ihm/ihn,,,Other
447,A1,17,I,main,immer,,,Other
448,A1,17,I,main,in,,,Other
449,A1,17,I,main,Information,die,-en,Noun
450,A1,17,I,main,international,,,Other
451,A1,17,I,main,Internet,das,,Noun
452,A1,18,J,main,ja,,,Other
453,A1,18,J,main,Jacke,die,-n,Noun
454,A1,18,J,main,jed-,,,Other
455,A1,18,J,main,jetzt,,,Other
456,A1,18,J,main,Job,der,-s,Noun
457,A1,18,J,main,Jugendliche,der,-n,Noun
458,A1,18,J,main,jung,,,Other
459,A1,18,J,main,Junge,der,-n,Noun
460,A1,18,K,main,Kaffee,der,,Noun
461,A1,18,K,main,kaputt,,,Other
462,A1,18,K,main,Karte,die,-n,Noun
463,A1,18,K,main,Kartoffel,die,-n,Noun
464,A1,18,K,main,Kasse,die,,Noun
465,A1,18,K,main,kaufen,,,Verb
466,A1,18,K,main,kein,,,Other
467,A1,18,K,main,kennen,,,Verb
468,A1,18,K,sub,kennenlernen,,,Verb
469,A1,18,K,main,Kind,das,-er,Noun
470,A1,18,K,main,Kindergarten,der,,Noun
471,A1,18,K,main,Kino,das,-s,Noun
472,A1,18,K,main,Kiosk,der,,Noun
473,A1,18,K,main,klar,,,Other
474,A1,18,K,main,Klasse,die,,Noun
475,A1,18,K,main,Kleidung,die,,Noun
476,A1,18,K,main,klein,,,Other
477,A1,18,K,main,kochen,,,Verb
478,A1,18,K,main,Koffer,der,–,Noun
479,A1,18,K,main,Kollege,der,-n,Noun
480,A1,18,K,main,kommen,,,Verb
481,A1,18,K,main,können,,,Verb
482,A1,18,K,main,Konto,das,,Noun
483,A1,18,K,main,Kopf,der,,Noun
484,A1,18,K,main,kosten,,,Verb
485,A1,18,K,main,krank,,,Other
486,A1,18,K,main,kriegen,,,Verb
487,A1,18,K,main,Küche,die,,Noun
488,A1,18,K,main,Kuchen,der,,Noun
489,A1,19,K,main,Kugelschreiber,der,,Noun
490,A1,19,K,main,Kühlschrank,der,,Noun
491,A1,19,K,main,kulturell,,,Other
492,A1,19,K,main,Kunde,der,-n,Noun
493,A1,19,K,main,Kurs,der,-e,Noun
494,A1,19,K,main,kurz,,,Other
495,A1,19,L,main,lachen,,,Verb
496,A1,19,L,main,Laden,der,-ä,Noun
497,A1,19,L,main,Land,das,"-ä, er",Noun
498,A1,19,L,main,lang,,,Other
499,A1,19,L,main,lange,,,Other
500,A1,19,L,main,langsam,,,Other
501,A1,19,L,main,laufen,,,Verb
502,A1,19,L,main,laut,,,Other
503,A1,19,L,main,leben,,,Verb
504,A1,19,L,sub,Leben,das,,Noun
505,A1,19,L,sub,Lebens-,die,,Noun
506,A1,19,L,main,ledig,,,Other
507,A1,19,L,main,legen,,,Verb
508,A1,19,L,main,Lehrer,der,–,Noun
509,A1,19,L,main,leider,,,Other
510,A1,19,L,main,leise,,,Other
511,A1,19,L,main,lernen,,,Verb
512,A1,19,L,main,lesen,,,Verb
513,A1,19,L,main,letzt-,,,Other
514,A1,19,L,main,Leute,die,,Noun
515,A1,19,L,main,Licht,das,,Noun
516,A1,19,L,main,lieb-,,,Other
517,A1,19,L,sub,lieben,,,Verb
518,A1,19,L,sub,lieber,,,Other
519,A1,19,L,main,Lieblings-,,,Other
520,A1,19,L,main,Lied,das,-er,Noun
521,A1,19,L,main,liegen,,,Verb
522,A1,19,L,main,links,,,Other
523,A1,19,L,main,Lkw,der,-s,Noun
524,A1,19,L,main,Lokal,das,,Noun
525,A1,19,L,main,Lösung,die,-en,Noun
526,A1,19,L,main,lustig,,,Other
527,A1,19,M,main,mmachen,,,Verb
528,A1,20,M,main,Mädchen,das,–,Noun
529,A1,20,M,main,man,,,Other
530,A1,20,M,main,Mann,der,"-ä, er",Noun
531,A1,20,M,sub,männlich,,,Other
532,A1,20,M,main,Maschine,die,-n,Noun
533,A1,20,M,main,Meer,das,,Noun
534,A1,20,M,main,mehr,,,Other
535,A1,20,M,main,mein,,,Other
536,A1,20,M,main,meist-,,,Other
537,A1,20,M,main,Mensch,der,-en,Noun
538,A1,20,M,main,mieten,,,Verb
539,A1,20,M,sub,Miete,die,,Noun
540,A1,20,M,main,Milch,die,,Noun
541,A1,20,M,main,mit,,,Other
542,A1,20,M,main,mitbringen,,,Verb
543,A1,20,M,main,mitkommen,,,Verb
544,A1,20,M,main,mitmachen,,,Verb
545,A1,20,M,main,mitnehmen,,,Verb
546,A1,20,M,main,Mitte,die,,Noun
547,A1,20,M,main,Möbel,die,,Noun
548,A1,20,M,main,möchten,,,Verb
549,A1,20,M,main,mögen,,,Verb
550,A1,20,M,main,möglich,,,Other
551,A1,20,M,main,Moment,der,,Noun
552,A1,20,M,main,morgen,,,Verb
553,A1,20,M,main,müde,,,Other
554,A1,20,M,main,Mund,der,,Noun
555,A1,20,M,main,müssen,,,Verb
556,A1,20,M,main,Mutter,die,-ü,Noun
557,A1,20,N,main,nach,,,Other
558,A1,20,N,main,nächst-,,,Other
559,A1,20,N,main,Name,der,-n,Noun
560,A1,20,N,main,nehmen,,,Verb
561,A1,20,N,main,nein,,,Other
562,A1,20,N,main,neu,,,Other
563,A1,20,N,main,nicht,,,Other
564,A1,20,N,main,nichts,,,Other
565,A1,20,N,main,nie,,,Other
566,A1,21,N,main,noch,,,Other
567,A1,21,N,main,Nummer,die,-n,Noun
568,A1,21,N,main,nur,,,Other
569,A1,21,O,main,oben,,,Verb
570,A1,21,O,main,Obst,das,,Noun
571,A1,21,O,main,oder,,,Other
572,A1,21,Ö,main,öffnen,,,Verb
573,A1,21,O,main,oft,,,Other
574,A1,21,O,main,ohne,,,Other
575,A1,21,Ö,main,Öl,das,,Noun
576,A1,21,O,main,Oma,die,-s,Noun
577,A1,21,O,main,Opa,der,-s,Noun
578,A1,21,O,main,Ordnung,die,,Noun
579,A1,21,O,main,Ort,der,-e,Noun
580,A1,21,P,main,Papier,das,,Noun
581,A1,21,P,main,Papiere,die,,Noun
582,A1,21,P,main,Partner,der,-/,Noun
583,A1,21,P,main,Partnerin,die,-nen,Noun
584,A1,21,P,main,Party,die,,Noun
585,A1,21,P,main,Pass,der,"-ä, e",Noun
586,A1,21,P,main,Pause,die,-n,Noun
587,A1,21,P,main,Platz,der,"-ä, e",Noun
588,A1,21,P,main,Polizei,die,,Noun
589,A1,21,P,main,Pommes,die,,Noun
590,A1,21,P,main,Post,die,,Noun
591,A1,21,P,main,Postleitzahl,die,,Noun
592,A1,21,P,main,Praktikum,das,,Noun
593,A1,21,P,main,Praxis,die,,Noun
594,A1,21,P,main,Preis,der,-e,Noun
595,A1,21,P,main,Problem,das,-e,Noun
596,A1,21,P,main,Prospekt,der,-e,Noun
597,A1,21,P,main,Prüfung,die,,Noun
598,A1,21,P,main,pünktlich,,,Other
599,A1,22,R,main,Rad fahren,,,Verb
600,A1,22,R,main,rauchen,,,Verb
601,A1,22,R,main,Raum,der,"-ä, e",Noun
602,A1,22,R,main,Rechnung,die,-en,Noun
603,A1,22,R,main,rechts,,,Other
604,A1,22,R,main,regnen,,,Verb
605,A1,22,R,sub,Regen,der,,Noun
606,A1,22,R,main,Reis,der,,Noun
607,A1,22,R,main,reisen,,,Verb
608,A1,22,R,sub,Reisebüro,das,-s,Noun
609,A1,22,R,sub,Reiseführer,der,,Noun
610,A1,22,R,main,reparieren,,,Verb
611,A1,22,R,sub,Reparatur,die,,Noun
612,A1,22,R,main,Restaurant,das,-s,Noun
613,A1,22,R,main,Rezeption,die,,Noun
614,A1,22,R,main,richtig,,,Other
615,A1,22,R,main,riechen,,,Verb
616,A1,22,R,main,ruhig,,,Other
617,A1,22,S,main,Saft,der,,Noun
618,A1,22,S,main,sagen,,,Verb
619,A1,22,S,main,Salat,der,,Noun
620,A1,22,S,main,Salz,das,,Noun
621,A1,22,S,main,S-Bahn,die,,Noun
622,A1,22,S,main,Schalter,der,,Noun
623,A1,22,S,main,scheinen,,,Verb
624,A1,22,S,main,schicken,,,Verb
625,A1,22,S,main,Schild,das,-er,Noun
626,A1,22,S,main,Schinken,der,–,Noun
627,A1,22,S,main,schlafen,,,Verb
628,A1,22,S,main,schlecht,,,Other
629,A1,22,S,main,schließen,,,Verb
630,A1,22,G,sub,geschlossen,,,Verb
631,A1,22,S,main,Schluss,der,,Noun
632,A1,22,S,main,Schlüssel,der,–,Noun
633,A1,22,S,main,schmecken,,,Verb
634,A1,22,S,main,schnell,,,Other
635,A1,22,S,main,schon,,,Other
636,A1,22,S,main,schön,,,Other
637,A1,22,S,main,Schrank,der,"-ä, e",Noun
638,A1,22,S,main,schreiben,,,Verb
639,A1,23,S,main,Schuh,der,-e,Noun
640,A1,23,S,main,Schule,die,,Noun
641,A1,23,S,sub,Schüler,der,–,Noun
642,A1,23,S,main,schwer,,,Other
643,A1,23,S,main,Schwester,die,-n,Noun
644,A1,23,S,main,schwimmen,,,Verb
645,A1,23,S,sub,Schwimmbad,das,,Noun
646,A1,23,S,main,See,der,,Noun
647,A1,23,S,main,sehen,,,Verb
648,A1,23,S,main,Sehenswürdigkeit,die,-en,Noun
649,A1,23,S,main,sehr,,,Other
650,A1,23,S,main,sein,,,Other
651,A1,23,A,sub,an sein,,,Other
652,A1,23,A,sub,auf sein,,,Other
653,A1,23,W,sub,weg sein,,,Other
654,A1,23,Z,sub,zu sein,,,Other
655,A1,23,S,main,seit,,,Other
656,A1,23,S,main,selbstständig,,,Other
657,A1,23,S,main,sich,,,Other
658,A1,23,S,main,sie,,,Other
659,A1,23,S,main,Sie,,,Other
660,A1,23,S,main,sitzen,,,Verb
661,A1,23,S,main,so,,,Other
662,A1,23,S,main,Sofa,das,,Noun
663,A1,23,S,main,sofort,,,Other
664,A1,23,S,main,Sohn,der,"-ö, e",Noun
665,A1,23,S,main,sollen,,,Verb
666,A1,23,S,main,Sonne,die,,Noun
667,A1,23,S,main,spät,,,Other
668,A1,23,S,main,später,,,Other
669,A1,23,S,main,Speisekarte,die,,Noun
670,A1,23,S,main,spielen,,,Verb
671,A1,23,S,main,Sport,der,,Noun
672,A1,23,S,main,Sprache,die,-n,Noun
673,A1,23,S,main,sprechen,,,Verb
674,A1,23,S,main,Stadt,die,"-ä, e",Noun
675,A1,23,S,main,stehen,,,Verb
676,A1,23,S,main,Stelle,die,-n,Noun
677,A1,24,S,main,stellen,,,Verb
678,A1,24,S,main,Stock,der,,Noun
679,A1,24,S,main,Straße,die,-n,Noun
680,A1,24,S,main,Straßenbahn,die,,Noun
681,A1,24,S,main,studieren,,,Verb
682,A1,24,S,main,Studium,das,,Noun
683,A1,24,S,sub,Student,der,-en,Noun
684,A1,24,S,main,Stunde,die,-n,Noun
685,A1,24,S,main,suchen,,,Verb
686,A1,24,T,main,tanzen,,,Verb
687,A1,24,T,main,Tasche,die,-n,Noun
688,A1,24,T,main,Taxi,das,-s,Noun
689,A1,24,T,main,Tee,der,,Noun
690,A1,24,T,main,Teil,der,-e,Noun
691,A1,24,T,main,telefonieren,,,Verb
692,A1,24,T,sub,Telefon,das,,Noun
693,A1,24,T,main,Termin,der,-e,Noun
694,A1,24,T,main,Test,der,,Noun
695,A1,24,T,main,teuer,,,Other
696,A1,24,T,main,Text,der,-e,Noun
697,A1,24,T,main,Thema,das,,Noun
698,A1,24,T,main,Ticket,das,-s,Noun
699,A1,24,T,main,Tisch,der,-e,Noun
700,A1,24,T,main,Tochter,die,-ö,Noun
701,A1,24,T,main,Toilette,die,-en,Noun
702,A1,24,T,main,Tomate,die,-n,Noun
703,A1,24,T,main,tot,,,Other
704,A1,24,T,main,treffen,,,Verb
705,A1,24,T,main,Treppe,die,-n,Noun
706,A1,24,T,main,trinken,,,Verb
707,A1,24,T,main,tschüss,,,Other
708,A1,24,T,main,tun,,,Other
709,A1,24,Ü,main,über,,,Other
710,A1,24,Ü,main,übernachten,,,Verb
711,A1,24,Ü,main,überweisen,,,Verb
712,A1,24,U,main,Uhr,die,,Noun
713,A1,24,U,main,um,,,Other
714,A1,24,U,main,umziehen,,,Verb
715,A1,24,U,main,und,,,Other
716,A1,25,U,main,unser-,,,Other
717,A1,25,U,main,unten,,,Verb
718,A1,25,U,main,unter,,,Other
719,A1,25,U,main,Unterricht,der,,Noun
720,A1,25,U,main,unterschreiben,,,Verb
721,A1,25,V,main,Vater,der,-ä,Noun
722,A1,25,V,main,verboten,,,Verb
723,A1,25,V,main,verdienen,,,Verb
724,A1,25,V,main,Verein,der,,Noun
725,A1,25,V,main,verheiratet,,,Other
726,A1,25,V,main,verkaufen,,,Verb
727,A1,25,V,sub,Verkäufer,der,–,Noun
728,A1,25,V,main,vermieten,,,Verb
729,A1,25,V,main,Verwandte,der,-n,Noun
730,A1,25,V,main,viel,,,Other
731,A1,25,V,main,vielleicht,,,Other
732,A1,25,V,main,von,,,Other
733,A1,25,V,main,vor,,,Other
734,A1,25,V,main,Vorname,der,-n,Noun
735,A1,25,V,main,Vorsicht,die,,Noun
736,A1,25,V,main,vorstellen,,,Verb
737,A1,25,V,main,Vorwahl,die,,Noun
738,A1,25,W,main,wandern,,,Verb
739,A1,25,W,main,wann,,,Other
740,A1,25,W,main,warten,,,Verb
741,A1,25,W,main,warum,,,Other
742,A1,25,W,main,was,,,Other
743,A1,25,W,main,waschen,,,Verb
744,A1,25,W,main,Wasser,das,,Noun
745,A1,25,W,main,weh tun,,,Other
746,A1,25,W,main,weiblich,,,Other
747,A1,25,W,main,Wein,der,,Noun
748,A1,25,W,main,weit,,,Other
749,A1,26,W,main,weiter,,,Other
750,A1,26,W,main,welch-,,,Other
751,A1,26,W,main,Welt,die,,Noun
752,A1,26,W,main,wenig,,,Other
753,A1,26,W,main,wer,,,Other
754,A1,26,W,main,werden,,,Verb
755,A1,26,W,main,Wetter,das,,Noun
756,A1,26,W,main,wichtig,,,Other
757,A1,26,W,main,wie,,,Other
758,A1,26,W,main,wiederholen,,,Verb
759,A1,26,W,main,Wiederhören,das,,Noun
760,A1,26,W,main,Wiedersehen,das,,Noun
761,A1,26,W,main,wie viel,,,Other
762,A1,26,W,main,willkommen,,,Verb
763,A1,26,W,main,Wind,der,,Noun
764,A1,26,W,main,wir,,,Other
765,A1,26,W,main,wissen,,,Verb
766,A1,26,W,main,wo,,,Other
767,A1,26,W,main,woher,,,Other
768,A1,26,W,main,wohin,,,Other
769,A1,26,W,main,wohnen,,,Verb
770,A1,26,W,sub,Wohnung,die,-en,Noun
771,A1,26,W,main,wollen,,,Verb
772,A1,26,W,main,Wort,das,"-ö, er/-e",Noun
773,A1,26,Z,main,zahlen,,,Verb
774,A1,26,Z,main,Zeit,die,,Noun
775,A1,26,Z,sub,zurzeit,,,Other
776,A1,26,Z,main,Zeitung,die,-en,Noun
777,A1,26,Z,main,Zigarette,die,-n,Noun
778,A1,26,Z,main,Zimmer,das,–,Noun
779,A1,26,Z,main,Zoll,der,,Noun
780,A1,26,Z,main,zu,,,Other
781,A1,27,Z,main,zufrieden,,,Verb
782,A1,27,Z,main,Zug,der,"-ü, e",Noun
783,A1,27,Z,main,zurück,,,Other
784,A1,27,Z,main,zusammen,,,Verb
785,A1,27,Z,main,zwischen,,,Verb
