id,level,source_page,section,entry_type,word,article,plural,word_type,verb_present,verb_perfect,translation_en,translation_tr,translation_ru,translation_uk
1,A2,5,abkuerzungen,section_title,Abkürzung,die,-en,Noun,,,abbreviation,kısaltma,сокращение,скорочення
2,A2,5,abkuerzungen,main,ca.,,,Other,,,approximately / ca.,yaklaşık,примерно / ок.,приблизно
3,A2,5,abkuerzungen,main,d.h.,,,Other,,,i.e. / that is,yani,то есть / а именно,тобто
4,A2,5,abkuerzungen,main,ICE,,,Other,,,ICE (high-speed train),ICE (hızlı tren),ICE (высокоскоростной поезд),ICE
5,A2,5,abkuerzungen,main,Lkw,der,-s,Noun,,,truck / lorry,kamyon,грузовик / грузовая машина,вантажівка
6,A2,5,abkuerzungen,main,PC,der,-s,Noun,,,PC / personal computer,PC / kişisel bilgisayar,ПК / персональный компьютер,ПК / персональний комп'ютер
7,A2,5,abkuerzungen,main,SMS,die,,Noun,,,text message / SMS,SMS / kısa mesaj,текстовое сообщение / SMS,текстове повідомлення / SMS
8,A2,5,abkuerzungen,main,usw.,,,Other,,,etc. / and so on,vb. / ve benzeri,и т. д. / и так далее,і т. д.
9,A2,5,abkuerzungen,main,WC,das,-s,Noun,,,toilet / WC,tuvalet / WC,туалет / WC,туалет / WC
10,A2,5,abkuerzungen,main,z.B.,,,Other,,,e.g. / for example,örn. / örneğin,напр. / например,наприклад
11,A2,5,anweisungssprache,section_title,Anweisungssprache,die,,Noun,,,language of instructions,talimat dili,язык инструкций,мова інструкцій
12,A2,5,anweisungssprache,main,Antwortbogen,der,-,Noun,,,answer sheet,cevap kağıdı,лист ответов,бланк відповідей
13,A2,5,anweisungssprache,main,Aufgabe,die,-n,Noun,,,task / exercise,görev / alıştırma,задание / упражнение,завдання
14,A2,5,anweisungssprache,main,Beispiel,das,-e,Noun,,,example,örnek,пример,приклад
15,A2,5,anweisungssprache,main,Durchsage,die,-n,Noun,,,announcement,duyuru,объявление,оголошення
16,A2,5,anweisungssprache,main,Lösung,die,-en,Noun,,,solution / answer,çözüm / cevap,решение / ответ,розв'язок / відповідь
17,A2,5,anweisungssprache,main,markieren,,,Verb,,,to mark,işaretlemek,отмечать,позначати
18,A2,5,anweisungssprache,main,Prüfer,der,-,Noun,,,examiner,sınav görevlisi,экзаменатор,екзаменатор
19,A2,5,anweisungssprache,sub,Prüferin,die,-nen,Noun,,,examiner (female),sınav görevlisi (kadın),экзаменатор (жен.),екзаменаторка
20,A2,5,anweisungssprache,main,Prüfung,die,-en,Noun,,,exam / test,sınav / test,экзамен / тест,іспит / тест
21,A2,5,anweisungssprache,main,Punkt,der,-e,Noun,,,point,puan,пункт,пункт
22,A2,5,anweisungssprache,main,Teil,der,-e,Noun,,,part,bölüm / kısım,часть,частина
23,A2,5,anweisungssprache,main,Test,der,-s,Noun,,,test,test,тест,тест
24,A2,5,anweisungssprache,main,Text,der,-e,Noun,,,text,metin,текст,текст
25,A2,5,anweisungssprache,main,Wörterbuch,das,¨-er,Noun,,,dictionary,sözlük,словарь,словник
26,A2,5,berufe,section_title,Beruf,der,-e,Noun,,,profession / job,meslek / iş,профессия / работа,професія / робота
27,A2,5,berufe,main,Angestellte,der/die,-n,Noun,,,employee / salaried worker,çalışan / memur,сотрудник / служащий,співробітник
28,A2,5,berufe,main,Arzt,der,¨-e,Noun,,,doctor,doktor,врач,лікар
29,A2,5,berufe,sub,Ärztin,die,-nen,Noun,,,doctor (female),doktor (kadın),врач (жен.),лікарка
30,A2,5,berufe,main,Auszubildende,der/die,-n,Noun,,,trainee / apprentice,çırak / stajyer,стажёр / ученик,стажер
31,A2,5,berufe,main,Autor,der,-en,Noun,,,author,yazar,автор,автор
32,A2,5,berufe,sub,Autorin,die,-nen,Noun,,,author (female),yazar (kadın),автор (жен.),авторка
33,A2,5,berufe,main,Babysitter,der,-,Noun,,,babysitter,bebek bakıcısı,няня,няня
34,A2,5,berufe,main,Bäcker,der,-,Noun,,,baker,fırıncı,пекарь,пекар
35,A2,5,berufe,sub,Bäckerin,die,-nen,Noun,,,baker (female),fırıncı (kadın),пекарь (жен.),пекарка
36,A2,5,berufe,main,Doktor,der,-en,Noun,,,doctor / PhD,doktor,доктор / кандидат наук,доктор
37,A2,5,berufe,sub,Doktorin,die,-nen,Noun,,,doctor / PhD (female),doktor (kadın),доктор / кандидат наук (жен.),докторка
38,A2,5,berufe,main,Fahrer,der,-,Noun,,,driver,şoför,водитель,водій
39,A2,5,berufe,sub,Fahrerin,die,-nen,Noun,,,driver (female),şoför (kadın),водитель (жен.),водійка
40,A2,5,berufe,main,Friseur,der,-e,Noun,,,hairdresser,kuaför,парикмахер,перукар
41,A2,5,berufe,sub,Friseurin,die,-nen,Noun,,,hairdresser (female),kuaför (kadın),парикмахер (жен.),перукарка
42,A2,5,berufe,main,Handwerker,der,-,Noun,,,craftsman / tradesperson,zanaatkar,ремесленник / мастер,ремісник
43,A2,5,berufe,sub,Handwerkerin,die,-nen,Noun,,,craftswoman / tradesperson (female),zanaatkar (kadın),ремесленница / мастер (жен.),ремісниця
44,A2,5,berufe,main,Hausmann,der,¨-er,Noun,,,househusband,ev erkeği,домохозяин,домогосподар
45,A2,5,berufe,sub,Hausfrau,die,-en,Noun,,,housewife,ev kadını,домохозяйка,домогосподарка
46,A2,5,berufe,main,Journalist,der,-en,Noun,,,journalist,gazeteci,журналист,журналіст
47,A2,5,berufe,sub,Journalistin,die,-nen,Noun,,,journalist (female),gazeteci (kadın),журналист (жен.),журналістка
48,A2,5,berufe,main,Kaufmann,der,Kaufleute,Noun,,,businessman / merchant,tüccar / işadamı,бизнесмен / торговец,підприємець
49,A2,5,berufe,sub,Kauffrau,die,-en,Noun,,,businesswoman / merchant (female),iş kadını,бизнесвумен / торговец (жен.),підприємиця
50,A2,5,berufe,main,Kellner,der,-,Noun,,,waiter,garson,официант,офіціант
51,A2,5,berufe,sub,Kellnerin,die,-nen,Noun,,,waitress,garson (kadın),официантка,офіціантка
52,A2,5,berufe,main,Koch,der,¨-e,Noun,,,cook / chef,aşçı / şef,повар / шеф-повар,кухар
53,A2,5,berufe,sub,Köchin,die,-nen,Noun,,,cook / chef (female),aşçı (kadın),повар / шеф-повар (жен.),кухарка
54,A2,5,berufe,main,Krankenpfleger,der,-,Noun,,,male nurse,erkek hemşire,медбрат (муж.),медбрат
55,A2,5,berufe,sub,Krankenschwester,die,-n,Noun,,,nurse,hemşire,медсестра,медсестра
56,A2,5,berufe,main,Künstler,der,-,Noun,,,artist,sanatçı,художник,художник
57,A2,5,berufe,sub,Künstlerin,die,-nen,Noun,,,artist (female),sanatçı (kadın),художница (жен.),художниця
58,A2,5,berufe,main,Lehrer,der,-,Noun,,,teacher,öğretmen,учитель,вчитель
59,A2,5,berufe,sub,Lehrerin,die,-nen,Noun,,,teacher (female),öğretmen (kadın),учительница (жен.),вчителька
60,A2,5,berufe,main,Mechaniker,der,-,Noun,,,mechanic,tamirci,механик,механік
61,A2,5,berufe,sub,Mechanikerin,die,-nen,Noun,,,mechanic (female),tamirci (kadın),механик (жен.),механік (ж.)
62,A2,5,berufe,main,Model,das,-s,Noun,,,model,model,модель,модель
63,A2,5,berufe,main,Musiker,der,-,Noun,,,musician,müzisyen,музыкант,музикант
64,A2,5,berufe,sub,Musikerin,die,-nen,Noun,,,musician (female),müzisyen (kadın),музыкант (жен.),музикантка
65,A2,5,berufe,main,Polizist,der,-en,Noun,,,police officer,polis memuru,полицейский,поліцейський
66,A2,5,berufe,sub,Polizistin,die,-nen,Noun,,,police officer (female),polis memuru (kadın),полицейский (жен.),поліцейська
67,A2,5,berufe,main,Rentner,der,-,Noun,,,retiree / pensioner,emekli,пенсионер,пенсіонер
68,A2,5,berufe,sub,Rentnerin,die,-nen,Noun,,,retiree / pensioner (female),emekli (kadın),пенсионерка,пенсіонерка
69,A2,5,berufe,main,Sänger,der,-,Noun,,,singer,şarkıcı,певец,співак
70,A2,5,berufe,sub,Sängerin,die,-nen,Noun,,,singer (female),şarkıcı (kadın),певица,співачка
71,A2,5,berufe,main,Schauspieler,der,-,Noun,,,actor,aktör,актёр,актор
72,A2,5,berufe,sub,Schauspielerin,die,-nen,Noun,,,actress,aktris,актриса,акторка
73,A2,5,berufe,main,Techniker,der,-,Noun,,,technician,teknisyen,техник,технік
74,A2,5,berufe,sub,Technikerin,die,-nen,Noun,,,technician (female),teknisyen (kadın),техник (жен.),технік (ж.)
75,A2,5,berufe,main,Verkäufer,der,-,Noun,,,salesperson,satış elemanı,продавец,продавець
76,A2,5,berufe,sub,Verkäuferin,die,-nen,Noun,,,salesperson (female),satış elemanı (kadın),продавец (жен.),продавчиня
77,A2,5,familienmitglieder,section_title,Familienmitglied,das,-er,Noun,,,family member,aile üyesi,член семьи,член родини
78,A2,5,familienmitglieder,main,Bruder,der,¨-,Noun,,,brother,kardeş (erkek),брат,брат
79,A2,5,familienmitglieder,main,Cousin,der,-s,Noun,,,cousin (male),kuzen (erkek),двоюrodний брат (муж.),двоюрідний брат
80,A2,5,familienmitglieder,main,Cousine,die,-n,Noun,,,cousin (female),kuzen (kız),двоюродная сестра (жен.),двоюрідна сестра
81,A2,5,familienmitglieder,main,Eltern,die,,Noun,,,parents,ebeveynler,родители,батьки
82,A2,5,familienmitglieder,main,Enkel,der,-,Noun,,,grandson,torun (erkek),внук,онук
83,A2,5,familienmitglieder,sub,Enkelin,die,-nen,Noun,,,granddaughter,torun (kız),внучка,онучка
84,A2,5,familienmitglieder,main,Geschwister,die,,Noun,,,siblings,kardeşler,братья и сёстры,брати і сестри
85,A2,5,familienmitglieder,main,Großeltern,die,,Noun,,,grandparents,büyük ebeveynler,бабушка и дедушка,бабуся і дідусь
86,A2,5,familienmitglieder,main,Großmutter,die,¨-,Noun,,,grandmother,büyükanne,бабушка,бабуся
87,A2,5,familienmitglieder,sub,Oma,die,-s,Noun,,,grandma,anna / anneanne (kontext),бабуля,бабуня
88,A2,5,familienmitglieder,main,Großvater,der,¨-,Noun,,,grandfather,dede / büyükbaba (kontext),дедушка,дідусь
89,A2,5,familienmitglieder,sub,Opa,der,-s,Noun,,,grandpa,dede,дедуля,дідусь
90,A2,5,familienmitglieder,main,Kind,das,-er,Noun,,,child,çocuk,ребёнок,дитина
91,A2,5,familienmitglieder,main,Mutter,die,¨-,Noun,,,mother,anne,мать,мати
92,A2,5,familienmitglieder,sub,Mama,die,-s,Noun,,,mom / mum,anne / mama,мама,мама
93,A2,5,familienmitglieder,main,Onkel,der,-,Noun,,,uncle,amca / dayı,дядя,дядько
94,A2,5,familienmitglieder,main,Schwester,die,-n,Noun,,,sister,kız kardeş,сестра,сестра
95,A2,5,familienmitglieder,main,Sohn,der,¨-e,Noun,,,son,oğul,сын,син
96,A2,5,familienmitglieder,main,Tante,die,-n,Noun,,,aunt,tante / teyze,тётя,тітка
97,A2,5,familienmitglieder,main,Tochter,die,¨-,Noun,,,daughter,kız,дочь,донька
98,A2,5,familienmitglieder,main,Vater,der,¨-,Noun,,,father,baba,отец,батько
99,A2,5,familienmitglieder,sub,Papa,der,-s,Noun,,,dad,baba,папа,тато
100,A2,5,familienmitglieder,main,Verwandte,der/die,-n,Noun,,,relative,yakın / akraba,родственник,родич
101,A2,5,familienstand,section_title,Familienstand,der,,Noun,,,marital status,medeni durum,семейное положение,сімейний стан
102,A2,5,familienstand,main,ledig,,,Adjective,,,single / unmarried,bekar,холостой / незамужняя,неодружений / незаміжня
103,A2,5,familienstand,main,verheiratet,,,Adjective,,,married,evli,женат / замужем,одружений / заміжня
104,A2,5,familienstand,main,getrennt,,,Adjective,,,separated,ayrılmış,в разлуке / раздельно,у розлуці
105,A2,5,familienstand,main,geschieden,,,Adjective,,,divorced,boşanmış,разведённый,розлучений
106,A2,5,farben,section_title,Farbe,die,-n,Noun,,,color,renk,цвет,колір
107,A2,5,farben,main,blau,,,Adjective,,,blue,mavi,синий,синій
108,A2,5,farben,main,braun,,,Adjective,,,brown,kahverengi,коричневый,коричневий
109,A2,5,farben,main,gelb,,,Adjective,,,yellow,sarı,жёлтый,жовтий
110,A2,5,farben,main,grau,,,Adjective,,,gray,gri,серый,сірий
111,A2,5,farben,main,grün,,,Adjective,,,green,yeşil,зелёный,зелений
112,A2,5,farben,main,lila,,,Adjective,,,purple / lilac,mor,фиолетовый / сиреневый,фіолетовий / бузковий
113,A2,5,farben,main,orange,,,Adjective,,,orange,turuncu,оранжевый,помаранчевий
114,A2,5,farben,main,rosa,,,Adjective,,,pink,pembe,розовый,рожевий
115,A2,5,farben,main,rot,,,Adjective,,,red,kırmızı,красный,червоний
116,A2,5,farben,main,schwarz,,,Adjective,,,black,siyah,чёрный,чорний
117,A2,5,farben,main,weiß,,,Adjective,,,white,beyaz,белый,білий
118,A2,5,himmelsrichtungen,section_title,Himmelsrichtung,die,-en,Noun,,,compass direction,yön,сторона света,сторона світу
119,A2,5,himmelsrichtungen,main,Norden,der,,Noun,,,north,kuzey,север,північ
120,A2,5,himmelsrichtungen,main,Süden,der,,Noun,,,south,güney,юг,південь
121,A2,5,himmelsrichtungen,main,Osten,der,,Noun,,,east,doğu,восток,схід
122,A2,5,himmelsrichtungen,main,Westen,der,,Noun,,,west,batı,запад,захід
123,A2,6,laender,section_title,Land,das,¨-er,Noun,,,country,ülke,страна,країна
124,A2,6,laender,section_title,Nationalität,die,-en,Noun,,,nationality,milliyet,национальность,національність
125,A2,6,laender,main,Deutschland,,,Noun,,,Germany,Almanya,Германия,Німеччина
126,A2,6,laender,sub,Deutsche,der/die,-n,Noun,,,German (person),Alman (kişi),немец,німець
127,A2,6,laender,sub,deutsch,,,Adjective,,,German,Alman,немецкий,німецький
128,A2,6,laender,main,Österreich,,,Noun,,,Austria,Avusturya,Австрия,Австрія
129,A2,6,laender,sub,Österreicher,der,-,Noun,,,Austrian (male),Avusturyalı (erkek),австриец (муж.),австрієць
130,A2,6,laender,sub,Österreicherin,die,-nen,Noun,,,Austrian (female),Avusturyalı (kadın),австрийка (жен.),австрійка
131,A2,6,laender,sub,österreichisch,,,Adjective,,,Austrian,Avusturyalı,австрийский,австрійський
132,A2,6,laender,main,Schweiz,die,,Noun,,,Switzerland,İsviçre,Швейцария,Швейцарія
133,A2,6,laender,sub,Schweizer,der,-,Noun,,,Swiss (male),İsviçreli (erkek),швейцарец (муж.),швейцарець
134,A2,6,laender,sub,Schweizerin,die,-nen,Noun,,,Swiss (female),İsviçreli (kadın),швейцарка (жен.),швейцарка
135,A2,6,laender,sub,schweizerisch,,,Adjective,,,Swiss,İsviçre'ye ait,швейцарский,швейцарський
136,A2,6,laender,main,Luxemburg,,,Noun,,,Luxembourg,Lüksemburg,Люксембург,Люксембург
137,A2,6,laender,sub,Luxemburger,der,-,Noun,,,Luxembourger (male),Lüksemburglu (erkek),люксембуржец (муж.),люксембуржець
138,A2,6,laender,sub,Luxemburgerin,die,-nen,Noun,,,Luxembourger (female),Lüksemburglu (kadın),люксембурженка,люксембурженка
139,A2,6,laender,sub,luxemburgisch,,,Adjective,,,Luxembourgish,Lüksemburg (sıfat),люксембургский,люксембурзький
140,A2,6,laender,main,Europa,,,Noun,,,Europe,Avrupa,Европа,Європа
141,A2,6,laender,sub,Europäer,der,-,Noun,,,European (male),Avrupalı (erkek),европеец (муж.),європеєць
142,A2,6,laender,sub,Europäerin,die,-nen,Noun,,,European (female),Avrupalı (kadın),европейка (жен.),європейка
143,A2,6,laender,sub,europäisch,,,Adjective,,,European,Avrupa'ya ait,европейский,європейський
144,A2,6,waehrungen,section_title,Währung,die,-en,Noun,,,currency,para birimi,валюта,валюта
145,A2,6,masse,section_title,Maß,das,-e,Noun,,,unit of measurement,ölçü birimi,единица измерения,одиниця виміру
146,A2,6,waehrungen,main,Euro,der,,Noun,,,euro,euro,евро,євро
147,A2,6,waehrungen,sub,Cent,der,,Noun,,,cent,cent,цент,цент
148,A2,6,waehrungen,main,Franken,der,-,Noun,,,franc (Swiss),Frank,франк (швейцарский),франк (швейцарський)
149,A2,6,waehrungen,sub,Rappen,der,-,Noun,,,rappen (Swiss cent),rappen,раппен (швейцарский цент),раппен
150,A2,6,masse,main,Meter,der,,Noun,,,meter,metre,метр,метр
151,A2,6,masse,sub,Zentimeter,der,,Noun,,,centimeter,santimetre,сантиметр,сантиметр
152,A2,6,masse,main,Kilometer,der,,Noun,,,kilometer,kilometre,километр,кілометр
153,A2,6,masse,main,Prozent,das,,Noun,,,percent,yüzde,процент,відсоток
154,A2,6,masse,main,Liter,der,,Noun,,,liter,litre,литр,літр
155,A2,6,masse,main,Gramm,das,,Noun,,,gram,gram,грамм,грам
156,A2,6,masse,sub,Kilogramm,das,,Noun,,,kilogram,kilogram,килограмм,кілограм
157,A2,6,masse,main,Grad,der,,Noun,,,degree,derece,градус,градус
158,A2,6,schule,section_title,Schule,die,-n,Noun,,,school,okul,школа,школа
159,A2,6,schule,section_title,Schulfach,das,¨-er,Noun,,,school subject,ders,школьный предмет,шкільний предмет
160,A2,6,schule,main,Abitur,das,,Noun,,,Abitur (university entrance exam),lise bitirme sınavı,абитур (экзамен для поступления в вуз),Abitur (іспит для вступу до університету)
161,A2,6,schule,main,Direktor,der,-en,Noun,,,headmaster / principal,müdür,директор школы / директор,директор школи
162,A2,6,schule,main,Hausaufgabe,die,-n,Noun,,,homework,ödev,домашнее задание,домашнє завдання
163,A2,6,schule,main,Klasse,die,-n,Noun,,,class / grade,sınıf,класс,клас
164,A2,6,schule,main,Klassenfahrt,die,-en,Noun,,,school trip,okul gezisi,школьная поездка,шкільна поїздка
165,A2,6,schule,main,Sekretariat,das,-e,Noun,,,secretary's office,sekreterlik,секретариат,секретаріат
166,A2,6,schule,main,Stundenplan,der,¨-e,Noun,,,timetable / schedule,ders programı,расписание / график,розклад
167,A2,6,schule,main,Biologie,,,Noun,,,biology,biyoloji,биология,біологія
168,A2,6,schule,main,Chemie,,,Noun,,,chemistry,kimya,химия,хімія
169,A2,6,schule,main,Deutsch,,,Noun,,,German (language,Almanca,немецкий язык,німецька мова
170,A2,6,schule,main,Englisch,,,Noun,,,English (language),İngilizce,английский язык,англійська мова
171,A2,6,schule,main,Französisch,,,Noun,,,French (language),Fransızca,французский язык,французька мова
172,A2,6,schule,main,Geografie,,,Noun,,,geography,coğrafya,география,географія
173,A2,6,schule,main,Geschichte,,,Noun,,,history,tarih,история,історія
174,A2,6,schule,main,Kunst,die,,Noun,,,art,resim / sanat,искусство,мистецтво
175,A2,6,schule,main,Latein,,,Noun,,,Latin,Latince,латынь,латина
176,A2,6,schule,main,Mathematik,,,Noun,,,mathematics,matematik,математика,математика
177,A2,6,schule,main,Musik,die,,Noun,,,music,müzik,музыка,музика
178,A2,6,schule,main,Physik,,,Noun,,,physics,fizik,физика,фізика
179,A2,6,schule,main,Religion,die,-en,Noun,,,religion,din,религия,релігія
180,A2,6,schule,main,Sozialkunde,,,Noun,,,social studies / civics,sosyal bilgiler,обществознание / граждановедение,суспільствознавство
181,A2,6,schule,main,Sport,der,,Noun,,,PE / sports,beden eğitimi / spor,физкультура / спорт,фізкультура / спорт
182,A2,6,feiertage,section_title,Feiertag,der,-e,Noun,,,public holiday,resmi tatil,государственный праздник,державне свято
183,A2,6,feiertage,main,Karneval,der,,Noun,,,carnival,karnaval,карнавал,карнавал
184,A2,6,feiertage,main,Ostern,,,Noun,,,Easter,Paskalya,Пасха,Великдень
185,A2,6,feiertage,main,Weihnachten,,,Noun,,,Christmas,Noel,Рождество,Різдво
186,A2,6,feiertage,main,Neujahr,das,,Noun,,,New Year,Yeni Yıl,Новый год,Новий рік
187,A2,6,feiertage,main,Silvester,,,Noun,,,New Year's Eve,Yılbaşı gecesi,канун Нового года,канун Нового року
188,A2,6,jahreszeiten,section_title,Jahreszeit,die,-en,Noun,,,season,mevsim,время года,пора року
189,A2,6,jahreszeiten,main,Frühling,der,,Noun,,,spring,ilkbahar,весна,весна
190,A2,6,jahreszeiten,sub,Frühjahr,das,,Noun,,,spring (early),ilkbahar (erken),ранняя весна,рання весна
191,A2,6,jahreszeiten,main,Sommer,der,,Noun,,,summer,yaz,лето,літо
192,A2,6,jahreszeiten,main,Herbst,der,,Noun,,,autumn / fall,sonbahar,осень,осінь
193,A2,6,jahreszeiten,main,Winter,der,,Noun,,,winter,kış,зима,зима
194,A2,6,monat,section_title,Monat,der,-e,Noun,,,month,ay,месяц,місяць
195,A2,6,monat,main,Januar,der,,Noun,,,January,Ocak,январь,січень
196,A2,6,monat,main,Februar,der,,Noun,,,February,Şubat,февраль,лютий
197,A2,6,monat,main,März,der,,Noun,,,March,Mart,март,березень
198,A2,6,monat,main,April,der,,Noun,,,April,Nisan,апрель,квітень
199,A2,6,monat,main,Mai,der,,Noun,,,May,Mayıs,май,травень
200,A2,6,monat,main,Juni,der,,Noun,,,June,Haziran,июнь,червень
201,A2,6,monat,main,Juli,der,,Noun,,,July,Temmuz,июль,
202,A2,6,monat,main,August,der,,Noun,,,August,Ağustos,август,
203,A2,6,monat,main,September,der,,Noun,,,September,Eylül,сентябрь,
204,A2,6,monat,main,Oktober,der,,Noun,,,October,Ekim,октябрь,
205,A2,6,monat,main,November,der,,Noun,,,November,Kasım,ноябрь,
206,A2,6,monat,main,Dezember,der,,Noun,,,December,Aralık,декабрь,
207,A2,6,tageszeiten,section_title,Tageszeit,die,-en,Noun,,,time of day,günün zamanı,время суток,
208,A2,6,tageszeiten,main,Tag,der,-e,Noun,,,day,gün,день,
209,A2,6,tageszeiten,main,Morgen,der,-,Noun,,,morning,sabah,утро,
210,A2,6,tageszeiten,main,Vormittag,der,-e,Noun,,,late morning,öğleden önce,позднее утро,
211,A2,6,tageszeiten,main,Mittag,der,-e,Noun,,,noon / midday,öğle,полдень / середина дня,
212,A2,6,tageszeiten,main,Nachmittag,der,-e,Noun,,,afternoon,öğleden sonra,после полудня,
213,A2,6,tageszeiten,main,Abend,der,-e,Noun,,,evening,akşam,вечер,
214,A2,6,tageszeiten,main,Nacht,die,¨-e,Noun,,,night,gece,ночь,
215,A2,6,tageszeiten,main,Mitternacht,die,,Noun,,,midnight,gece yarısı,полночь,
216,A2,6,tageszeiten,main,täglich,,,Adverb,,,daily,günlük,ежедневно,
217,A2,6,tageszeiten,main,tagsüber,,,Adverb,,,during the day,gün boyunca,днём,
218,A2,6,tageszeiten,main,morgens,,,Adverb,,,in the morning,sabahları,по утрам,
219,A2,6,tageszeiten,main,vormittags,,,Adverb,,,in the late morning,öğleden önce,поздним утром,
220,A2,6,tageszeiten,main,mittags,,,Adverb,,,at noon,öğle vakti,в полдень,
221,A2,6,tageszeiten,main,nachmittags,,,Adverb,,,in the afternoon,öğleden sonraları,после обеда / во второй половине дня,
222,A2,6,tageszeiten,main,abends,,,Adverb,,,in the evening,akşamları,по вечерам,
223,A2,6,tageszeiten,main,nachts,,,Adverb,,,at night,geceleri,ночью,
224,A2,7,zahlen,section_title,Zahlen,,,Noun,,,numbers,sayılar,числа,
225,A2,7,zahlen,main,eins,,,Number,,,one,bir,один,
226,A2,7,zahlen,main,zwei,,,Number,,,two,iki,два,
227,A2,7,zahlen,main,drei,,,Number,,,three,üç,три,
228,A2,7,zahlen,main,vier,,,Number,,,four,dört,четыре,
229,A2,7,zahlen,main,fünf,,,Number,,,five,beş,пять,
230,A2,7,zahlen,main,sechs,,,Number,,,six,altı,шесть,
231,A2,7,zahlen,main,sieben,,,Number,,,seven,yedi,семь,
232,A2,7,zahlen,main,acht,,,Number,,,eight,sekiz,восемь,
233,A2,7,zahlen,main,neun,,,Number,,,nine,dokuz,девять,
234,A2,7,zahlen,main,zehn,,,Number,,,ten,on,десять,
235,A2,7,zahlen,main,elf,,,Number,,,eleven,on bir,одиннадцать,
236,A2,7,zahlen,main,zwölf,,,Number,,,twelve,on iki,двенадцать,
237,A2,7,zahlen,main,dreizehn,,,Number,,,thirteen,on üç,тринадцать,
238,A2,7,zahlen,main,vierzehn,,,Number,,,fourteen,on dört,четырнадцать,
239,A2,7,zahlen,main,fünfzehn,,,Number,,,fifteen,on beş,пятнадцать,
240,A2,7,zahlen,main,sechzehn,,,Number,,,sixteen,on altı,шестнадцать,
241,A2,7,zahlen,main,siebzehn,,,Number,,,seventeen,on yedi,семнадцать,
242,A2,7,zahlen,main,achtzehn,,,Number,,,eighteen,on sekiz,восемнадцать,
243,A2,7,zahlen,main,neunzehn,,,Number,,,nineteen,on dokuz,девятнадцать,
244,A2,7,zahlen,main,zwanzig,,,Number,,,twenty,yirmi,двадцать,
245,A2,7,zahlen,main,einundzwanzig,,,Number,,,twenty-one,yirmi bir,двадцать один,
246,A2,7,zahlen,main,dreißig,,,Number,,,thirty,otuz,тридцать,
247,A2,7,zahlen,main,vierzig,,,Number,,,forty,kırk,сорок,
248,A2,7,zahlen,main,fünfzig,,,Number,,,fifty,elli,пятьдесят,
249,A2,7,zahlen,main,sechzig,,,Number,,,sixty,altmış,шестьдесят,
250,A2,7,zahlen,main,siebzig,,,Number,,,seventy,yetmiş,семьдесят,
251,A2,7,zahlen,main,achtzig,,,Number,,,eighty,seksen,восемьдесят,
252,A2,7,zahlen,main,neunzig,,,Number,,,ninety,doksan,девяносто,
253,A2,7,zahlen,main,hundert,,,Number,,,hundred,yüz,сто,
254,A2,7,zahlen,main,hunderteins,,,Number,,,one hundred and one,yüz bir,сто один,
255,A2,7,zahlen,main,zweihundert,,,Number,,,two hundred,iki yüz,двести,
256,A2,7,zahlen,main,tausend,,,Number,,,thousand,bin,тысяча,
257,A2,7,zahlen,main,zweitausendeins,,,Number,,,two thousand and one,iki bin bir,две тысячи один,
258,A2,7,zahlen,main,Million,die,-en,Noun,,,million,milyon,миллион,
259,A2,7,zahlen,main,erste,,,Number,,,first,birinci,первый,
260,A2,7,zahlen,main,zweite,,,Number,,,second,ikinci,второй,
261,A2,7,zahlen,main,dritte,,,Number,,,third,üçüncü,третий,
262,A2,7,zahlen,main,vierte,,,Number,,,fourth,dördüncü,четвёртый,
263,A2,7,zahlen,main,erstens,,,Adverb,,,firstly,birincisi,во-первых,
264,A2,7,zahlen,main,zweitens,,,Adverb,,,secondly,ikincisi,во-вторых,
265,A2,7,zahlen,main,drittens,,,Adverb,,,thirdly,üçüncüsü,в-третьих,
266,A2,7,zahlen,main,viertens,,,Adverb,,,fourthly,dördüncüsü,в-четвёртых,
267,A2,7,zahlen,main,einmal,,,Adverb,,,once,bir kere,один раз,
268,A2,7,zahlen,main,zweimal,,,Adverb,,,twice,iki kere,два раза,
269,A2,7,zahlen,main,dreimal,,,Adverb,,,three times,üç kez,три раза,
270,A2,7,zahlen,main,viermal,,,Adverb,,,four times,dört kere,четыре раза,
271,A2,7,uhrzeit,section_title,Uhrzeit,die,,Noun,,,time of day,günün zamanı,время суток,
272,A2,7,uhrzeit,main,Sekunde,die,-n,Noun,,,second,saniye,секунда,
273,A2,7,uhrzeit,main,Minute,die,-n,Noun,,,minute,dakika,минута,
274,A2,7,uhrzeit,main,Stunde,die,-n,Noun,,,hour,saat,час,
275,A2,7,woche,section_title,Wochentag,der,-e,Noun,,,weekday,hafta günü,день недели,
276,A2,7,woche,main,Wochenende,das,-n,Noun,,,weekend,hafta sonu,выходные,
277,A2,7,woche,main,Montag,der,,Noun,,,Monday,Pazartesi,понедельник,
278,A2,7,woche,main,Dienstag,der,,Noun,,,Tuesday,Salı,вторник,
279,A2,7,woche,main,Mittwoch,der,,Noun,,,Wednesday,Çarşamba,среда,
280,A2,7,woche,main,Donnerstag,der,,Noun,,,Thursday,Perşembe,четверг,
281,A2,7,woche,main,Freitag,der,,Noun,,,Friday,Cuma,пятница,
282,A2,7,woche,main,Samstag,der,,Noun,,,Saturday,Cumartesi,суббота,
283,A2,7,woche,main,Sonntag,der,,Noun,,,Sunday,Pazar,воскресенье,
284,A2,7,woche,sub,montags,,,Adverb,,,on Mondays,Pazartesileri,по понедельникам,
285,A2,7,woche,sub,dienstags,,,Adverb,,,on Tuesdays,Salı günleri,по вторникам,
286,A2,7,woche,sub,mittwochs,,,Adverb,,,on Wednesdays,Çarşamba günleri,по средам,
287,A2,7,woche,sub,donnerstags,,,Adverb,,,on Thursdays,Perşembe günleri,по четвергам,
288,A2,7,woche,sub,freitags,,,Adverb,,,on Fridays,Cuma günleri,по пятницам,
289,A2,7,woche,sub,samstags,,,Adverb,,,on Saturdays,Cumartesi günleri,по субботам,
290,A2,7,woche,sub,sonntags,,,Adverb,,,on Sundays,Pazar günleri,по воскресеньям,
291,A2,7,woche,main,Arbeitstag,der,-e,Noun,,,working day,çalışma günü,рабочий день,
292,A2,7,woche,sub,Werktag,der,-e,Noun,,,weekday / working day,hafta içi günü,будний день / рабочий день,
293,A2,7,zeitmaße,section_title,Zeitmaß,das,-e,Noun,,,unit of time,zaman ölçüsü,единица времени,
294,A2,7,zeitmaße,main,Woche,die,-n,Noun,,,week,hafta,неделя,
295,A2,7,zeitmaße,main,Jahr,das,-e,Noun,,,year,yıl,год,
296,A2,8,A,main,Angebot,das,-e,Noun,,,offer / deal,teklif,предложение / акция,
297,A2,8,Ä,main,ändern,,,Verb,ändert,hat geändert,to change / alter,değiştirmek,менять / изменять,
298,A2,8,A,main,anders,,,Other,,,differently / otherwise,farklı,по-другому / иначе,
299,A2,8,A,main,anfangen,,,Verb,fängt an,hat angefangen,to begin / start,başlamak,начинать,
300,A2,8,A,main,Anfang,der,¨-e,Noun,,,beginning,başlangıç,начало,
301,A2,8,A,main,Angst,die,¨-e,Noun,,,fear / anxiety,korku,страх / тревога,
302,A2,8,A,main,ankommen,,,Verb,kommt an,,to arrive,varmak,прибывать,
303,A2,8,A,main,anmachen,,,Verb,macht an,hat angemacht,to turn on / switch on,açmak,включать,
304,A2,8,A,main,anmelden,,,Verb,,hat angemeldet,to register / log in,kaydolmak / giriş yapmak,регистрироваться / входить в систему,
305,A2,8,A,main,Anmeldung,die,-en,Noun,,,registration,kayıt,регистрация,
306,A2,8,A,main,anrufen,,,Verb,ruft an,hat angerufen,to call / phone,telefonla aramak,звонить,
307,A2,8,A,main,Anruf,der,-e,Noun,,,phone call,telefon araması,телефонный звонок,
308,A2,8,A,main,ansehen,,,Verb,sieht an,hat angesehen,to look at / watch,bakmak / izlemek,смотреть / смотреть на,
309,A2,8,A,main,antworten,,,Verb,antwortet,hat geantwortet,to answer,cevap vermek,отвечать,
310,A2,8,A,main,Anzeige,die,-n,Noun,,,advertisement / notice,ilan / duyuru,объявление / уведомление,
311,A2,8,A,main,abgeben,,,Verb,gibt ab,,to hand in / submit,teslim etmek,сдавать / подавать,
312,A2,8,A,main,abholen,,,Verb,holt ab,hat abgeholt,to pick up / collect,almak,забирать / получать,
313,A2,8,A,main,abschließen,,,Verb,,hat abgeschlossen,to lock / conclude,kilitlemek / sonuçlandırmak,запирать / завершать,
314,A2,8,A,main,Adresse,die,-n,Noun,,,address,adres,адрес,
315,A2,8,A,main,aktiv,,,Other,,,active,aktif,активный,
316,A2,8,A,main,als,,,Other,,,as / when / than,olarak,как / когда / чем,
317,A2,8,A,main,alt,,,Other,,,old,eski,старый,
318,A2,8,A,main,Alter,das,,Noun,,,age,yaş,возраст,
319,A2,8,A,main,an,,,Other,,,at / on / to,-de / -e,на / у / к,
320,A2,8,A,main,anbieten,,,Verb,bietet an,,to offer,teklif etmek,предлагать,
321,A2,9,A,main,aus,,,Other,,,from / out of,den / dışarı,из / изнутри,
322,A2,9,A,main,Ausbildung,die,-en,Noun,,,training / apprenticeship,eğitim / çıraklık,обучение / профессиональная подготовка,
323,A2,9,A,main,Ausflug,der,¨-e,Noun,,,excursion / day trip,gezi / piknik,экскурсия / поездка на день,
324,A2,9,A,main,ausfüllen,,,Verb,,,to fill in,doldurmak,заполнять,
325,A2,9,A,main,Ausgang,der,¨-e,Noun,,,exit,çıkış,выход,
326,A2,9,A,main,ausgehen,,,Verb,geht aus,,to go out,dışarı çıkmak,выходить / гулять,
327,A2,9,A,main,Auskunft,die,¨-e,Noun,,,information,bilgi,информация,
328,A2,9,A,main,Ausland,das,,Noun,,,abroad,yurt dışı,за границей,
329,A2,9,A,main,auspacken,,,Verb,packt aus,hat ausgepackt,to unpack,açmak (paketi),распаковывать,
330,A2,9,A,main,ausruhen,,,Verb,ruht aus,,to rest / relax,dinlenmek,отдыхать / расслабляться,
331,A2,9,A,main,aussehen,,,Verb,sieht aus,,to look / appear,görünmek,выглядеть / казаться,
332,A2,9,A,main,außer,,,Other,,,except / besides,dışında / hariç,кроме / помимо,
333,A2,9,A,main,aussprechen,,,Verb,spricht aus,hat ausgesprochen,to pronounce,telaffuz etmek,произносить,
334,A2,9,A,main,aussteigen,,,Verb,steigt aus,,to get off (vehicle),inmek (taşıttan),выходить (из транспорта),
335,A2,9,A,main,Ausstellung,die,-en,Noun,,,exhibition,sergi,выставка,
336,A2,9,A,main,Ausweis,der,-e,Noun,,,ID card,kimlik,удостоверение личности,
337,A2,9,A,main,Auto,das,-s,Noun,,,car,araba,автомобиль,
338,A2,9,A,main,arbeiten,,,Verb,arbeitet,hat gearbeitet,to work,çalışmak,работать,
339,A2,9,A,main,Arbeit,die,-en,Noun,,,work / job,iş / meslek,работа / труд,
340,A2,9,Ä,main,ärgern,,,Verb,arm,,to annoy / get angry,kızdırmak / sinirlendirmek,злиться / раздражать,
341,A2,9,A,main,auch,,,Other,,,also / too,de / ayrıca,также / тоже,
342,A2,9,A,main,auf,,,Other,,,on / onto / open,üzerinde / üzerine / açık,на / на поверхность / открытый,
343,A2,9,A,main,auf,,,Other,,,on / up (prefix),üstünde / -e (önek),на / вверх (приставка),
344,A2,9,A,main,aufhören,,,Verb,,,to stop / quit,bırakmak / durmak,прекращать / бросать,
345,A2,9,A,main,aufmachen,,,Verb,macht auf,hat aufgemacht,to open,açmak,открывать,
346,A2,9,A,main,aufpassen,,,Verb,passt auf,hat aufgepasst,to pay attention / watch out,dikkat etmek,быть внимательным / остерегаться,
347,A2,9,A,main,aufräumen,,,Verb,räumt auf,hat aufgeräumt,to tidy up,toparlamak / temizlemek,убирать / приводить в порядок,
348,A2,9,A,main,aufregend,,,Other,,,exciting,heyecan verici,захватывающий,
349,A2,9,A,main,aufstehen,,,Verb,steht auf,ist aufgestan,to get up,kalkmak,вставать,
350,A2,9,A,main,Aufzug,der,¨-e,Noun,,,elevator / lift,asansör,лифт,
351,A2,9,A,main,Auge,das,-n,Noun,,,eye,göz,глаз,
352,A2,10,B,main,beenden,,,Verb,beendet,hat beendet,to end / finish,bitirmek,заканчивать,
353,A2,10,B,main,beginnen,,,Verb,beginnt,hat begonnen,to begin,başlamak,начинаться,
354,A2,10,B,main,begründen,,,Verb,begründet,hat begründet,to give reasons / justify,gerekçelendirmek,обосновывать / оправдывать,
355,A2,10,B,main,bei,,,Other,,,at / near / with,yanında / ile,у / около / с,
356,A2,10,B,main,beide,,,Other,,,both,her ikisi,оба,
357,A2,10,B,main,Bein,das,-e,Noun,,,leg,bacak,нога,
358,A2,10,B,main,bekannt,,,Other,,,known / familiar,tanınmış / bilinen,известный / знакомый,
359,A2,10,B,main,bekommen,,,Verb,bekommt,hat benutzt,to get / receive,almak / elde etmek,получать,
360,A2,10,B,main,bequem,,,Other,,,comfortable,rahat,удобный,
361,A2,10,B,main,beraten,,,Verb,berät,,to advise,tavsiye etmek,советовать,
362,A2,10,B,main,Berg,der,-e,Noun,,,mountain,dağ,гора,
363,A2,10,B,main,berichten,,,Verb,berichtet,hat berichtet,to report,rapor etmek / bildirmek,сообщать / докладывать,
364,A2,10,B,main,Beruf,der,-e,Noun,,,profession / job,meslek / iş,профессия / работа,
365,A2,10,B,main,beschreiben,,,Verb,,,to describe,tanımlamak,описывать,
366,A2,10,B,main,beschweren,,,Verb,beschwert,,to complain,şikayet etmek,жаловаться,
367,A2,10,B,main,Baby,das,-s,Noun,,,baby,bebek,малыш,
368,A2,10,B,main,backen,,,Verb,,hat gebacken,to bake,fırınlamak / pişirmek,печь,
369,A2,10,B,main,Bäckerei,die,-en,Noun,,,bakery,fırın (ekmekçi),пекарня,
370,A2,10,B,main,baden,,,Verb,badet,hat gebadet,to bathe,yıkanmak,купаться,
371,A2,10,B,main,Bahn,die,-en,Noun,,,train / railway,tren / demiryolu,поезд / железная дорога,
372,A2,10,B,main,Bahnhof,der,¨-e,Noun,,,train station,tren garı,вокзал,
373,A2,10,B,main,Balkon,der,-e,Noun,,,balcony,balkon,балкон,
374,A2,10,B,main,Bank,die,-en,Noun,,,bank (financial),banka,банк,
375,A2,10,B,main,Bank,die,¨-e,Noun,,,bench,oturak / bank,скамейка,
376,A2,10,B,main,Bauch,der,¨-e,Noun,,,stomach / belly,göbek / karın,живот / брюхо,
377,A2,10,B,main,Baum,der,¨-e,Noun,,,tree,ağaç,дерево,
378,A2,10,B,main,Baustelle,die,-n,Noun,,,construction site,inşaat alanı,стройка,
379,A2,10,B,main,bedanken,,,Verb,bedankt,,to thank / express gratitude,teşekkür etmek,благодарить / выражать благодарность,
380,A2,10,B,main,bedeuten,,,Verb,bedeutet,hat bedeutet,to mean,anlamına gelmek,значить,
381,A2,10,B,main,beeilen,,,Verb,beeilt,,to hurry,acele etmek,торопиться,
382,A2,11,B,main,bleiben,,,Verb,bleibt,,to stay / remain,kalmk / kalmak,оставаться,
383,A2,11,B,main,Bleistift,der,-e,Noun,,,pencil,kurşun kalem,карандаш,
384,A2,11,B,main,braten,,,Verb,brät,,to fry / roast,kızartmak / kavurmak,жарить / запекать,
385,A2,11,B,main,brauchen,,,Verb,braucht,,to need,ihtiyaç duymak,нуждаться,
386,A2,11,B,main,Brief,der,-e,Noun,,,letter,mektup,письмо,
387,A2,11,B,main,bringen,,,Verb,bringt,,to bring,getirmek,приносить,
388,A2,11,B,main,Brot,das,-e,Noun,,,bread,ekmek,хлеб,
389,A2,11,B,main,Brötchen,das,-,Noun,,,bread roll,poğaça / küçük ekmek,булочка,
390,A2,11,B,main,Buch,das,¨-er,Noun,,,book,kitap,книга,
391,A2,11,B,main,buchen,,,Verb,bucht,hat gebucht,to book / reserve,rezerve etmek,бронировать / заказывать,
392,A2,11,B,main,Buchstabe,der,-n,Noun,,,letter (of the alphabet),harf,буква,
393,A2,11,B,main,bunt,,,Other,,,colorful,renkli,разноцветный,
394,A2,11,B,main,Büro,das,-s,Noun,,,office,ofis,офис,
395,A2,11,B,main,Bus,der,-se,Noun,,,bus,otobüs,автобус,
396,A2,11,B,main,besonders,,,Other,,,especially / particularly,özellikle,особенно / в особенности,
397,A2,11,B,main,bestätigen,,,Verb,bestätigt,hat bestätigt,to confirm,onaylamak,подтверждать,
398,A2,11,B,main,bestehen,,,Verb,besteht,hat bestan,to pass (exam) / consist of,başarmak / oluşmak,сдавать (экзамен) / состоять из,
399,A2,11,B,main,bestellen,,,Verb,bestellt,,to order,sipariş etmek,заказывать,
400,A2,11,B,main,Besuch,der,-e,Noun,,,visit,ziyaret,визит / посещение,
401,A2,11,B,main,besuchen,,,Verb,besucht,,to visit,ziyaret etmek,посещать,
402,A2,11,B,main,Bett,das,-en,Noun,,,bed,yatak,кровать,
403,A2,11,B,main,bewölkt,,,Other,,,cloudy / overcast,bulutlu,облачно / пасмурно,
404,A2,11,W,main,Wolke,die,-n,Noun,,,cloud,bulut,облако,
405,A2,11,B,main,bezahlen,,,Verb,bezahlt,hat bezahlt,to pay,ödemek,платить,
406,A2,11,B,main,Bibliothek,die,-en,Noun,,,library,kütüphane,библиотека,
407,A2,11,B,main,Birne,die,-n,Noun,,,pear,armut,груша,
408,A2,11,B,main,bisschen,,,Verb,,,a little / a bit,biraz,немного / чуть-чуть,
409,A2,11,B,main,bitte,,,Other,,,please / you're welcome,lütfen / rica ederim,пожалуйста / не за что,
410,A2,11,B,main,Bitte,die,-n,Noun,,,request,rica,просьба,
411,A2,12,D,main,Datum,das,-en,Noun,,,date,tarih,дата,
412,A2,12,D,main,dauern,,,Verb,dauert,,to last / take (time),sürmek,длиться / занимать (время),
413,A2,12,D,main,denken,,,Verb,denkt,hat gedacht,to think,düşünmek,думать,
414,A2,12,D,main,deshalb,,,Other,,,therefore / that's why,bu yüzden,поэтому / вот почему,
415,A2,12,D,main,deutlich,,,Other,,,clear / distinct,açık / net,ясный / отчётливый,
416,A2,12,D,main,dick,,,Other,,,fat / thick,şişman / kalın,толстый / плотный,
417,A2,12,D,main,Ding,das,-e,Noun,,,thing,şey,вещь,
418,A2,12,D,main,direkt,,,Other,,,direct / directly,direkt / doğrudan,прямой / напрямую,
419,A2,12,D,main,Disco,die,-s /,Noun,,,disco / club,disko / kulüp,дискотека / клуб,
420,A2,12,D,main,diskutieren,,,Verb,diskutiert,hat diskutiert,to discuss,tartışmak / görüşmek,обсуждать,
421,A2,12,D,main,Doppelzimmer,das,-,Noun,,,double room,çift kişilik oda,двухместный номер,
422,A2,12,D,main,Dorf,das,¨-er,Noun,,,village,köy,деревня,
423,A2,12,D,main,draußen,,,Verb,,,outside,dışarıda,снаружи,
424,A2,12,D,main,dringend,,,Other,,,urgent,acil,срочный,
425,A2,12,D,main,drinnen,,,Verb,,,inside,içeride,внутри,
426,A2,12,D,main,drüben,,,Verb,drückt,hat gedrückt,over there / across,orada / karşı tarafta,вон там / напротив,
427,A2,12,C,main,Café,das,-s,Noun,,,café,kafe,кафе,
428,A2,12,C,main,Cafeteria,die,-s,Noun,,,cafeteria,kantin,кафетерий,
429,A2,12,C,main,chatten,,,Verb,chattet,hat gechattet,to chat (online),sohbet etmek (çevrimiçi),чатиться / общаться онлайн,
430,A2,12,C,main,Chef,der,-s /,Noun,,,boss / manager,patron / yönetici,шеф / начальник,
431,A2,12,C,main,Chefin,die,-nen,Noun,,,boss / manager (female),patron (kadın) / yönetici (kadın),шеф / начальница (жен.),
432,A2,12,C,main,Club,der,-s /,Noun,,,club,kulüp,клуб,
433,A2,12,C,main,Computer,der,-,Noun,,,computer,bilgisayar,компьютер,
434,A2,12,D,main,da,,,Other,,,there / then,orada / sonra,там / тогда,
435,A2,12,D,main,dafür,,,Verb,,,for it / for that / in favor,bunun için / lehinde,за это / для этого / в пользу,
436,A2,12,D,main,dagegen,,,Verb,,,against it / against that / on the other hand,buna karşı / aleyhinde / öte yandan,против этого / против того / с другой стороны,
437,A2,12,D,main,damals,,,Other,,,back then / at that time,o zamanlar,тогда / в то время,
438,A2,12,D,main,Dame,die,-n,Noun,,,lady,hanımefendi,дама,
439,A2,12,D,main,daneben,,,Verb,wo die,,next to it / beside it,yanıbaşında / yanında,рядом с этим / возле этого,
440,A2,12,D,main,Dank,der,,Noun,,,thanks / gratitude,teşekkür / minnettarlık,благодарность / спасибо,
441,A2,12,D,main,danken,,,Verb,dankt,hat gedankt,to thank,teşekkür etmek,благодарить,
442,A2,12,D,main,Datei,die,-en,Noun,,,file (computer),dosya,файл,
443,A2,13,E,main,Einkaufs-,das,,Noun,,,shopping (compound prefix),alışveriş- (önek),покупки- (часть сложного слова),
444,A2,13,E,main,einladen,,,Verb,lädt ein,hat eingela,to invite,davet etmek,приглашать,
445,A2,13,E,main,Einladung,die,-en,Noun,,,invitation,davet,приглашение,
446,A2,13,E,main,einpacken,,,Verb,packt ein,,to pack, paketlemek,упаковывать,
447,A2,13,E,main,einsteigen,,,Verb,steigt ein,,to board / get in (vehicle),binek / binmek (taşıta),садиться / входить (в транспорт),
448,A2,13,E,main,eintragen,,,Verb,trägt ein,,to enter / register (in a form),form doldurmak / kaydetmek,вносить / записывать (в форму),
449,A2,13,E,main,Eintritt,der,-e,Noun,,,admission / entry,giriş,вход / допуск,
450,A2,13,E,main,einverstanden,,,Verb,,,agreed / in agreement,kabul / hemfikir,согласен / согласна,
451,A2,13,S,main,sein,,,Verb,bin) einverstanden. ist,,to be,olmak,быть,
452,A2,13,E,main,einzel-,,,Other,,,single- (prefix),tek- (önek),одиночный- (приставка),
453,A2,13,E,main,einziehen,,,Verb,zieht ein,,to move in,taşınmak,въезжать / заселяться,
454,A2,13,E,main,Eis,das,,Noun,,,ice cream / ice,dondurma / buz,мороженое / лёд,
455,A2,13,E,main,empfehlen,,,Verb,empfiehlt,hat empfohlen,to recommend,tavsiye etmek,рекомендовать,
456,A2,13,E,main,Ende,das,-n,Noun,,,end,son,конец,
457,A2,13,E,main,enden,,,Verb,endet,hat geendet,to end,sona ermek,заканчиваться,
458,A2,13,E,main,endlich,,,Other,,,finally / at last,nihayet / sonunda,наконец / в конце концов,
459,A2,13,E,main,eng,,,Other,,,narrow / tight,dar,узкий / тесный,
460,A2,13,E,main,entschuldigen,,,Verb,,,to excuse / apologize,özür dilemek,извинять / извиняться,
461,A2,13,I,main,Ich,,,Verb,hat entschuldigt,,I (pronoun),ben,я,
462,A2,13,E,main,Entschuldi-,die,,Noun,,,excuse me / apology,afedersiniz / özür,извинение / простите,
463,A2,13,D,main,Drucker,der,-,Noun,,,printer,yazıcı,принтер,
464,A2,13,D,main,dunkel,,,Other,,,dark,karanlık,тёмный,
465,A2,13,D,main,dünn,,,Other,,,thin,inç / ince,тонкий,
466,A2,13,D,main,durch,,,Other,,,through / by,vasıtasıyla / aracılığıyla,через / посредством,
467,A2,13,D,main,dürfen,,,Verb,darf,,may / to be allowed to,izinli olmak / -ebilir,мочь / иметь право,
468,A2,13,D,main,Durst,der,,Noun,,,thirst,susuzluk,жажда,
469,A2,13,E,main,E-Book,das,-s,Noun,,,e-book,e-kitap,электронная книга,
470,A2,13,E,main,echt,,,Other,,,real / genuine / really,gerçek,настоящий / подлинный / правда,
471,A2,13,E,main,Ecke,die,-n,Noun,,,corner,köşe,угол,
472,A2,13,E,main,egal,,,Other,,,it doesn't matter / all the same,farketmez,неважно / всё равно,
473,A2,13,E,main,Ehefrau,die,-en /,Noun,,,wife,eş (kadın) / karı,жена,
474,A2,13,E,main,Ehemann,der,¨-er/,Noun,,,husband,eş (erkek) / koca,муж,
475,A2,13,E,main,Ei,das,-er,Noun,,,egg,yumurta,яйцо,
476,A2,13,E,main,eilig,,,Other,,,urgent / in a hurry,acele / acil,срочный / спешащий,
477,A2,13,E,main,Eingang,der,¨-e,Noun,,,entrance,giriş,вход,
478,A2,13,E,main,einkaufen,,,Verb,kauft ein,hat eingekauft,to go shopping,alışveriş yapmak,ходить по магазинам,
479,A2,14,F,main,falsch,,,Other,,,wrong / false,yanlış,неправильный / ложный,
480,A2,14,F,main,Familie,die,-n,Noun,,,family,aile,семья,
481,A2,14,F,main,Familien-,der,,Noun,,,family (compound prefix),aile- (önek),семейный- (часть сложного слова),
482,A2,14,F,main,Fan,der,-s,Noun,,,fan,taraftar,фанат,
483,A2,14,F,main,fantastisch,,,Other,,,fantastic,harika,фантастический,
484,A2,14,F,main,Farbe,die,-n,Noun,,,color,renk,цвет,
485,A2,14,F,main,fast,,,Other,,,almost / nearly,neredeyse,почти,
486,A2,14,F,main,faul,,,Other,,,lazy,tembel,ленивый,
487,A2,14,F,main,fehlen,,,Verb,fehlt,hat gefehlt,to be missing / lack,eksik olmak,отсутствовать / не хватать,
488,A2,14,F,main,Fehler,der,-,Noun,,,mistake / error,hata,ошибка,
489,A2,14,F,main,feiern,,,Verb,feiert,hat gefeiert,to celebrate,kutlamak,праздновать,
490,A2,14,F,main,Fenster,das,-,Noun,,,window,pencere,окно,
491,A2,14,F,main,fernsehen,,,Verb,sieht fern,hat ferngesehen,to watch TV,televizyon izlemek,смотреть телевизор,
492,A2,14,F,main,Fernseher,der,-,Noun,,,television set / TV,televizyon,телевизор,
493,A2,14,F,main,Fest,das,-e,Noun,,,festival / celebration,festival / kutlama,праздник / торжество,
494,A2,14,F,main,Festival,das,-s,Noun,,,festival,festival,фестиваль,
495,A2,14,F,main,Firma,die,-en,Noun,,,company / firm,firma / şirket,фирма / компания,
496,A2,14,E,main,Erfahrung,die,-en,Noun,,,experience,deneyim,опыт,
497,A2,14,E,main,erklären,,,Verb,erklärt,hat erklärt,to explain,açıklamak,объяснять,
498,A2,14,E,main,erlauben,,,Verb,erlaubt,hat erlaubt,to allow / permit,izin vermek,разрешать,
499,A2,14,E,main,Erlaubnis,die,,Noun,,,permission,izin,разрешение,
500,A2,14,E,main,erreichen,,,Verb,erreicht,,to reach / achieve,ulaşmak,достигать,
501,A2,14,E,main,erst,,,Other,,,first / only / not until,ilk / ancak,сначала / только / лишь тогда,
502,A2,14,E,main,Erwachsene,der,-n,Noun,,,adult,yetişkin,взрослый,
503,A2,14,E,main,erzählen,,,Verb,erzählt,hat erzählt,to tell / narrate,anlatmak,рассказывать,
504,A2,14,E,main,essen,,,Verb,isst,hat gegessen,to eat,yemek yemek,есть,
505,A2,14,E,main,Essen,das,-,Noun,,,food / meal,yemek / yiyecek,еда / приём пищи,
506,A2,14,E,main,etwas,,,Other,,,something / a little,biraz / biraz şey,что-то / немного,
507,A2,14,F,main,Fach,das,¨-er,Noun,,,subject / compartment,alan / ders,предмет / отделение,
508,A2,14,A,main,Abfahrt,die,-en,Noun,,,departure,kalkış,отправление,
509,A2,14,F,main,Fahrplan,der,¨-e,Noun,,,timetable / schedule,sefer tarifesi,расписание / график,
510,A2,15,F,main,früher,,,Other,,,earlier / formerly,eskiden,раньше / прежде,
511,A2,15,F,main,Frühstück,das,,Noun,,,breakfast,kahvaltı,завтрак,
512,A2,15,F,main,fühlen,,,Verb,fühlt,hat gefühlt,to feel,hissetmek,чувствовать,
513,A2,15,F,main,Führerschein,der,-e,Noun,,,driving license,ehliyet,водительские права,
514,A2,15,F,main,Führung,die,-en,Noun,,,guided tour / leadership,rehberlik / tur,экскурсия с гидом / руководство,
515,A2,15,F,main,für,,,Other,,,for,için,для,
516,A2,15,F,main,furchtbar,,,Other,,,terrible / awful,korkunç,ужасный / кошмарный,
517,A2,15,F,main,Fuß,der,¨-e,Noun,,,foot,ayak,ступня,
518,A2,15,F,main,Fußball,der,¨-e,Noun,,,football / soccer,futbol,футбол,
519,A2,15,G,main,Gabel,die,-n,Noun,,,fork,çatal,вилка,
520,A2,15,G,main,Garage,die,-n,Noun,,,garage,garaj,гараж,
521,A2,15,G,main,geboren,,,Verb,,,born,doğmak,рождённый,
522,A2,15,G,main,gefallen,,,Verb,gefällt,hat gefallen,to like / please,hoşlanmak,нравиться / доставлять удовольствие,
523,A2,15,G,main,gegen,,,Verb,,,against / around (time),karşı / civarında,против / около (о времени),
524,A2,15,F,main,Fleisch,das,,Noun,,,meat,et,мясо,
525,A2,15,F,main,Flohmarkt,der,¨-e,Noun,,,flea market,bit pazarı,блошиный рынок,
526,A2,15,F,main,Flug,der,¨-e,Noun,,,flight,uçuş,рейс,
527,A2,15,F,main,Flughafen,der,¨,Noun,,,airport,havaalanı,аэропорт,
528,A2,15,F,main,Fluss,der,¨-e,Noun,,,river,nehir,река,
529,A2,15,F,main,Foto,das,-s,Noun,,,photo,fotoğraf,фото,
530,A2,15,F,main,Frau,die,-en,Noun,,,woman / wife / Mrs.,kadın / eş / bayan,женщина / жена / госпожа,
531,A2,15,F,main,freiwillig,,,Other,,,voluntary,gönüllü,добровольный,
532,A2,15,F,main,freuen,,,Verb,freut,hat gefreut,to be happy / look forward to,sevinmek,радоваться / ждать с нетерпением,
533,A2,15,F,main,Freund,der,"-e,",Noun,,,friend / boyfriend,arkadaş / erkek arkadaş,друг / парень,
534,A2,15,F,main,Freundin,die,-nen,Noun,,,friend / girlfriend,arkadaş (kız) / kız arkadaş,подруга / девушка,
535,A2,15,F,main,freundlich,,,Other,,,friendly / kind,dostça / nazik,дружелюбный / добрый,
536,A2,15,F,main,frisch,,,Other,,,fresh,taze,свежий,
537,A2,15,F,main,früh,,,Other,,,early,erken,ранний,
538,A2,16,G,main,gewinnen,,,Verb,gewinnt,,to win,kazanmak,выигрывать,
539,A2,16,G,main,Gewitter,das,-,Noun,,,thunderstorm,gök gürültülü fırtına,гроза,
540,A2,16,G,main,glauben,,,Verb,glaubt,hat geglaubt,to believe,inanmak,верить,
541,A2,16,G,main,gleich,,,Other,,,same / immediately,aynı / hemen,одинаковый / сразу,
542,A2,16,G,main,Gleis,das,-e,Noun,,,track / platform (rail),peron,путь / платформа,
543,A2,16,G,main,glücklich,,,Other,,,happy / lucky,mutlu,счастливый / удачливый,
544,A2,16,G,main,Glück-,der,,Noun,,,congratulations (compound),tebrik- (önek),поздравления- (часть сложного слова),
545,A2,16,G,main,gratulieren,,,Verb,gratuliert,hat gratuliert,to congratulate,tebrik etmek,поздравлять,
546,A2,16,G,main,grillen,,,Verb,grillt,hat gegrillt,to grill / barbecue,mangal yapmak,жарить на гриле / барбекю,
547,A2,16,G,main,Grippe,die,,Noun,,,flu / influenza,grip,грипп,
548,A2,16,G,main,groß,,,Other,,,big / tall,büyük,большой / высокий,
549,A2,16,G,main,Größe,die,-n,Noun,,,size / height,büyüklük,размер / рост,
550,A2,16,G,main,Gruß,der,¨-e,Noun,,,greeting,selam,приветствие,
551,A2,16,G,main,günstig,,,Other,,,cheap / favorable,uygun fiyatlı,дешёвый / выгодный,
552,A2,16,A,main,am,,,Other,,,at the / on the,-de / -da,у / на,
553,A2,16,H,main,Haar,das,-e,Noun,,,hair,saç,волосы,
554,A2,16,H,main,Hähnchen,das,-,Noun,,,chicken,tavuk,цыплёнок,
555,A2,16,G,main,Gehalt,das,¨-er,Noun,,,salary / wage,maaş,зарплата / оклад,
556,A2,16,G,main,gehören,,,Verb,gehört,hat gehört,to belong to,ait olmak,принадлежать,
557,A2,16,G,main,Geld,das,,Noun,,,money,para,деньги,
558,A2,16,G,main,Geldbörse,die,-n,Noun,,,purse / wallet,cüzdan,кошелёк,
559,A2,16,G,main,genug,,,Other,,,enough,yeterli,достаточно,
560,A2,16,G,main,Gepäck,das,,Noun,,,luggage,eşya / bavul,багаж,
561,A2,16,G,main,gerade,,,Other,,,just / straight / at the moment,şu anda / tam,как раз / прямо / в данный момент,
562,A2,16,A,main,am,,,Other,,,at the / on the,-de / -da,у / на,
563,A2,16,G,main,Geschäft,das,-e,Noun,,,shop / store / business,mağaza / işyeri,магазин / дело / бизнес,
564,A2,16,G,main,Geschirr,das,,Noun,,,dishes / crockery,çanak çömlek,посуда,
565,A2,16,G,main,Gespräch,das,-e,Noun,,,conversation / talk,sohbet / konuşma,разговор / беседа,
566,A2,16,G,main,gestern,,,Verb,,,yesterday,dün,вчера,
567,A2,16,G,main,Getränk,das,-e,Noun,,,drink / beverage,içecek,напиток,
568,A2,17,H,main,herein,,,Other,,,in here / come in,içeri / içeri gir,сюда / входите,
569,A2,17,H,main,rein,,,Other,,,in / inside / into,içine / içeri / içine doğru,"внутрь / внутрь чего-то / внутрь, вовнутрь",
570,A2,17,H,main,Herd,der,-e,Noun,,,stove / cooker,ocak,плита,
571,A2,17,H,main,Herr,der,-en,Noun,,,Mr. / gentleman,Bey / efendi,господин / мужчина,
572,A2,17,H,main,herunterladen,,,Verb,lädt herunter,hat heruntergela,to download,indirmek,скачивать,
573,A2,17,H,main,herzlich,,,Other,,,heartfelt / warm / cordial,samimi / içten,сердечный / тёплый / радушный,
574,A2,17,H,main,Hilfe,die,,Noun,,,help / assistance,yardım,помощь,
575,A2,17,H,main,Himmel,der,,Noun,,,sky / heaven,gökyüzü / cennet,небо / небеса,
576,A2,17,H,main,hin / hin- / -hin,,,Other,,,there / towards (directional prefix),orada / -e (yönelme eki),туда / по направлению (приставка),
577,A2,17,H,main,hinten,,,Verb,,,at the back / behind,arkada,сзади / позади,
578,A2,17,H,main,hinter,,,Other,,,behind,arkasında,за,
579,A2,17,H,main,Hobby,das,-s,Noun,,,hobby,hobi,хобби,
580,A2,17,H,main,Hochzeit,die,-en,Noun,,,wedding,düğün,свадьба,
581,A2,17,H,main,hoffen,,,Verb,hofft,hat gehofft,to hope,ummak / ümit etmek,надеяться,
582,A2,17,H,main,Homepage,die,-s,Noun,,,homepage / website,ana sayfa / web sitesi,домашняя страница / сайт,
583,A2,17,H,main,hören,,,Verb,hört,,to hear / listen,duymak / dinlemek,слышать / слушать,
584,A2,17,H,main,Hose,die,-n,Noun,,,trousers / pants,pantolon,брюки,
585,A2,17,H,main,Hunger,der,,Noun,,,hunger,açlık,голод,
586,A2,17,H,main,hallo,,,Other,,,hello,merhaba,привет,
587,A2,17,H,main,Hals,der,¨-e,Noun,,,throat / neck,boğaz / boyun,горло / шея,
588,A2,17,H,main,halten,,,Verb,hält,hat gehalten,to hold / stop,tutmak / durdurmak,держать / останавливаться,
589,A2,17,H,main,Haltestelle,die,-n,Noun,,,bus stop / tram stop,durak,остановка,
590,A2,17,H,main,hängen,,,Verb,hängt,,to hang,asılı durmak / asmak,висеть,
591,A2,17,B,main,Bild,das,,Noun,,,picture / image,resim,картинка / изображение,
592,A2,17,H,main,hart,,,Other,,,hard,sert,твёрдый,
593,A2,17,H,main,hässlich,,,Other,,,ugly,çirkin,уродливый,
594,A2,17,H,main,Hauptstadt,die,¨-e,Noun,,,capital city,başkent,столица,
595,A2,17,H,main,Haushalt,der,-e,Noun,,,household,hane / ev işi,домашнее хозяйство,
596,A2,17,H,main,Heft,das,-e,Noun,,,notebook / exercise book,defter,тетрадь,
597,A2,17,H,main,Heimat,die,,Noun,,,home / homeland,yurt / vatan,родина / дом,
598,A2,17,H,main,heiraten,,,Verb,heiratet,,to marry,evlenmek,жениться / выходить замуж,
599,A2,17,H,main,heißen,,,Verb,heißt,hat geheißen,to be called / named,adlandırılmak / isim olmak,называться,
600,A2,17,H,main,Heizung,die,-en,Noun,,,heating,kalorifer / ısınma,отопление,
601,A2,17,H,main,hell,,,Other,,,bright / light,parlak,светлый / яркий,
602,A2,17,H,main,Hemd,das,-en,Noun,,,shirt,gömlek,рубашка,
603,A2,17,H,main,her / her- / -her,,,Other,,,here / from there (directional prefix),burada / oradan (önek),сюда / оттуда (приставка),
604,A2,17,H,main,heraus,,,Other,,,out here / out,dışarı / buraya dışarı,наружу / сюда наружу,
605,A2,17,H,main,raus,,,Other,,,out / outside (colloquial),dışarı / dışarıya (konuşma dili),вон / наружу (разг.),
606,A2,18,J,main,jung,,,Other,,,young,genç,молодой,
607,A2,18,J,main,Junge,der,-n,Noun,,,boy,erkek çocuk,мальчик,
608,A2,18,K,main,Kaffee,der,-s,Noun,,,coffee,kahve,кофе,
609,A2,18,K,main,Kalender,der,-,Noun,,,calendar,takvim,календарь,
610,A2,18,K,main,kalt,,,Other,,,cold,soğuk,холодный,
611,A2,18,K,main,Kamera,die,-s,Noun,,,camera,kamera,камера,
612,A2,18,K,main,Kartoffel,die,-n,Noun,,,potato,patates,картофель,
613,A2,18,K,main,Kaufhaus,das,-¨er,Noun,,,department store,alışveriş merkezi / büyük mağaza,универмаг,
614,A2,18,K,main,Keller,der,-,Noun,,,cellar / basement,kiler / bodrum,подвал,
615,A2,18,K,main,kennen,,,Verb,kennt,hat gekannt,to know (a person or place),tanımak,знать (человека или место),
616,A2,18,K,main,kennenlernen,,,Verb,lernt kennen,,to get to know / meet,tanışmak,знакомиться / узнавать,
617,A2,18,K,main,Kenntnisse,die,,Noun,,,knowledge / skills,bilgiler / yetkinlikler,знания / навыки,
618,A2,18,K,main,Kette,die,-n,Noun,,,chain / necklace,zincir / kolye,цепочка / ожерелье,
619,A2,18,K,main,Kind,das,-er,Noun,,,child,çocuk,ребёнок,
620,A2,18,I,main,immer,,,Other,,,always,her zaman,всегда,
621,A2,18,I,main,Information,die,-en,Noun,,,information,bilgi,информация,
622,A2,18,I,main,informieren,,,Verb,,,to inform,bilgilendirmek,информировать,
623,A2,18,I,main,Insel,die,-n,Noun,,,island,ada,остров,
624,A2,18,I,main,Instrument,das,-e,Noun,,,instrument,enstrüman,инструмент,
625,A2,18,I,main,interessieren,,,Verb,interessiert,,to interest,ilgilendirmek,интересовать,
626,A2,18,I,main,international,,,Other,,,international,uluslararası,международный,
627,A2,18,I,main,Internet,das,,Noun,,,internet,internet,интернет,
628,A2,18,I,main,Interview,das,-s,Noun,,,interview,röportaj / mülakat,интервью,
629,A2,18,J,main,ja,,,Other,,,yes,evet,да,
630,A2,18,J,main,Jacke,die,-n,Noun,,,jacket,ceket,куртка,
631,A2,18,J,main,jemand,,,Other,,,someone / somebody,biri,кто-то,
632,A2,18,J,main,joggen,,,Verb,joggt,,to jog / go jogging,jog yapmak / koşmak,бегать трусцой,
633,A2,18,J,main,Jugend-,die,,Noun,,,youth hostel (compound),gençlik- (önek),молодёжный хостел- (часть сложного слова),
634,A2,19,K,main,kostenlos,,,Other,,,free of charge,ücretsiz,бесплатный,
635,A2,19,K,main,krank,,,Other,,,sick / ill,hasta,больной,
636,A2,19,K,main,Kranken-,das,,Noun,,,hospital (compound),hastane- (önek),больница- (часть сложного слова),
637,A2,19,K,main,Kranken-,die,,Noun,,,health insurance / nurse (compound),sağlık- (önek),медстраховка / медсестра- (часть сложного слова),
638,A2,19,K,main,Krankheit,die,-en,Noun,,,illness / disease,hastalık,болезнь,
639,A2,19,K,main,Kreuzung,die,-en,Noun,,,crossroads / intersection,kavşak,перекрёсток,
640,A2,19,K,main,Krimi,der,-s,Noun,,,crime novel / thriller,polisiye roman,детектив / триллер,
641,A2,19,K,main,Küche,die,-n,Noun,,,kitchen,mutfak,кухня,
642,A2,19,K,main,Kuchen,der,- kühl,Noun,,,cake,pasta / kek,торт / пирог,
643,A2,19,K,main,Kühl-,der,,Noun,,,refrigerator (compound),soğutma- (önek),холодильник- (часть сложного слова),
644,A2,19,K,main,Kultur,die,-en,Noun,,,culture,kültür,культура,
645,A2,19,K,main,kümmern,,,Verb,kümmert,hat gekümmert,to take care of / look after,ilgilenmek / bakmak,заботиться / присматривать,
646,A2,19,K,main,Kunde,der,-n /,Noun,,,customer (male),müşteri (erkek),клиент (муж.),
647,A2,19,K,main,Kundin,die,-nen,Noun,,,customer (female),müşteri (kadın),клиентка (жен.),
648,A2,19,K,main,kündigen,,,Verb,kündigt,hat gekündigt,to quit / give notice,işten ayrılmak / feshetmek,увольняться / уведомлять об увольнении,
649,A2,19,K,main,Kunst,die,¨-e,Noun,,,art,sanat,искусство,
650,A2,19,K,main,Kurs,der,-e,Noun,,,course / class,kurs,курс / занятие,
651,A2,19,L,main,lachen,,,Verb,lacht,hat gelacht,to laugh,gülmek,смеяться,
652,A2,19,L,main,Laden,der,¨-,Noun,,,shop / store,mağaza,магазин,
653,A2,19,L,main,Lampe,die,-n,Noun,,,lamp / light,lamba,лампа / светильник,
654,A2,19,W,main,wohnen,,,Other,,,to live / reside,ikamet etmek / yaşamak,жить / проживать,
655,A2,19,L,main,Landschaft,die,-en,Noun,,,landscape / scenery,manzara,пейзаж / местность,
656,A2,19,K,main,Kirche,die,-n,Noun,,,church,kilise,церковь,
657,A2,19,K,main,Klavier,das,-e,Noun,,,piano,piyano,пианино,
658,A2,19,K,main,Kleid,das,-er,Noun,,,dress,elbise,платье,
659,A2,19,U,main,und,,,Other,,,and,ve,и,
660,A2,19,K,main,klein,,,Other,,,small / little,küçük,маленький,
661,A2,19,K,main,klug,,,Other,,,clever / smart,zeki,умный / сообразительный,
662,A2,19,K,main,kochen,,,Verb,kocht,,to cook,yemek pişirmek,готовить,
663,A2,19,K,main,Koffer,der,-,Noun,,,suitcase,valiz,чемодан,
664,A2,19,K,main,Kollegin,die,-nen,Noun,,,colleague (female),iş arkadaşı (kadın),коллега (жен.),
665,A2,19,K,main,komisch,,,Other,,,strange / funny / odd,garip / tuhaf,странный / смешной / чудной,
666,A2,19,K,main,komisch,,,Other,,,strange / funny / odd,garip / tuhaf,странный / смешной / чудной,
667,A2,19,K,main,kommen,,,Verb,kommt,,to come,gelmek,приходить,
668,A2,19,K,main,können,,,Verb,kann,hat gekonnt,can / to be able to,yapabilmek,мочь / быть в состоянии,
669,A2,19,K,main,Kontakt,der,-e,Noun,,,contact,iletişim / temas,контакт,
670,A2,19,K,main,Konto,das,-en,Noun,,,bank account,hesap,банковский счёт,
671,A2,19,K,main,kontrollieren,,,Verb,,,to check / control,denetlemek / kontrol etmek,контролировать / проверять,
672,A2,19,K,main,Konzert,das,-e,Noun,,,concert,konser,концерт,
673,A2,19,K,main,Kopf,der,¨-e,Noun,,,head,baş,голова,
674,A2,19,T,main,tun,,,Verb,z.,,to do,yapmak,делать,
675,A2,19,K,main,Kosmetik,die,,Noun,,,cosmetics / beauty products,kozmetik,косметика / средства красоты,
676,A2,19,I,main,interessant,,,Other,,,interesting,ilginç,интересный,
677,A2,20,L,main,Link,der,-s,Noun,,,link (web),bağlantı (web),ссылка,
678,A2,20,L,main,Lust,die,,Noun,,,desire / mood / inclination,istek / canı çekme,желание / настроение / охота,
679,A2,20,L,main,lustig,,,Other,,,funny / amusing,komik,смешной / забавный,
680,A2,20,M,main,machen,,,Verb,macht,hat gemacht,to make / do,yapmak,делать,
681,A2,20,E,main,Essen,das,,Noun,,,food / meal,yemek,еда / приём пищи,
682,A2,20,M,main,Mädchen,das,-,Noun,,,girl,kız,девочка,
683,A2,20,M,main,Magen,der,¨-,Noun,,,stomach,mide,желудок,
684,A2,20,M,main,malen,,,Verb,malt,hat gemalt,to paint,resim yapmak,рисовать,
685,A2,20,M,main,man,,,Other,,,one / you (impersonal),insan / biri,"кто-то / безличное ""ты""",
686,A2,20,M,main,manch-,,,Other,,,some- (prefix),bazı- (önek),некоторый- (приставка),
687,A2,20,M,main,Mann,der,¨-er,Noun,,,man / husband,adam / koca,мужчина / муж,
688,A2,20,M,main,Maschine,die,-n,Noun,,,machine,makine,машина,
689,A2,20,M,main,meinen,,,Verb,meint,hat gemeint,to think / mean / believe,düşünmek / demek istemek,считать / иметь в виду / полагать,
690,A2,20,M,main,Meinung,die,-en,Noun,,,opinion,görüş,мнение,
691,A2,20,M,main,meist-,,,Other,,,most- (prefix),çoğunlukla- (önek),самый- / большинство- (приставка),
692,A2,20,L,main,lange,,,Other,,,for a long time / long,uzun süre / uzun,долго / длинный,
693,A2,20,L,main,laufen,,,Verb,läuft,ist gelaufen,to run / walk,yürümek / koşmak,бежать / ходить,
694,A2,20,L,main,Leben,das,-,Noun,,,life,hayat,жизнь,
695,A2,20,M,main,mittel,,,Other,,,medium / average,orta,средний / посредственный,
696,A2,20,L,main,leihen,,,Verb,leiht,hat geliehen,to borrow / lend,ödünç vermek / almak,одалживать / брать взаймы,
697,A2,20,L,main,lesen,,,Verb,liest,hat gelesen,to read,okumak,читать,
698,A2,20,L,main,letzt-,,,Other,,,last- (prefix),son- (önek),последний- (приставка),
699,A2,20,L,main,Leute,die,,Noun,,,people,insanlar,люди,
700,A2,20,L,main,lieben,,,Verb,liebt,hat geliebt,to love,sevmek,любить,
701,A2,20,L,main,liegen,,,Verb,liegt,,to lie / be located,uzanmak / bulunmak,лежать / находиться,
702,A2,21,M,main,Moment,der,-e,Noun,,,moment,an,момент,
703,A2,21,M,main,morgen,,,Verb,,,tomorrow,yarın,завтра,
704,A2,21,M,main,Motor,der,-en,Noun,,,engine / motor,motor,мотор / двигатель,
705,A2,21,M,main,Mund,der,¨-er,Noun,,,mouth,ağız,рот,
706,A2,21,M,main,Museum,das,-een,Noun,,,museum,müze,музей,
707,A2,21,M,main,Musik,die,,Noun,,,music,müzik,музыка,
708,A2,21,M,main,müssen,,,Verb,muss,,must / to have to,meli / malı (zorunluluk),должен / нужно,
709,A2,21,M,main,musste,,,Other,,,had to (past),zorunda kaldı,должен был / пришлось,
710,A2,21,M,main,Mütze,die,-n,Noun,,,hat / cap,kasket / bere,шапка / кепка,
711,A2,21,N,main,nach,,,Other,,,to / after / according to,-e / sonra / göre,к / после / согласно,
712,A2,21,N,main,Nachbar,der,"-n,",Noun,,,neighbor,komşu,сосед,
713,A2,21,N,main,Nachricht,die,-en,Noun,,,message / news,haber / mesaj,сообщение / новость,
714,A2,21,N,main,Nähe,die,,Noun,,,vicinity / nearness,yakınlık,близость,
715,A2,21,N,main,Name,der,-n,Noun,,,name,isim,имя,
716,A2,21,N,main,nass,,,Other,,,wet,ıslak,мокрый,
717,A2,21,N,main,Natur,die,,Noun,,,nature,doğa,природа,
718,A2,21,N,main,natürlich,,,Other,,,of course / naturally,tabii ki / doğal olarak,конечно / естественно,
719,A2,21,N,main,neben,,,Verb,,,next to / beside,yanında,рядом с / возле,
720,A2,21,M,main,Mensch,der,-en,Noun,,,person / human being,insan,человек,
721,A2,21,M,main,merken,,,Verb,merkt,hat gemerkt,to notice / realize,fark etmek,замечать / понимать,
722,A2,21,M,main,Messe,die,-n,Noun,,,trade fair / mass (church),fuar / ayin,ярмарка / месса,
723,A2,21,M,main,Messer,das,-,Noun,,,knife,bıçak,нож,
724,A2,21,M,main,Miete,die,-n,Noun,,,rent,kira,арендная плата,
725,A2,21,M,main,mieten,,,Verb,mietet,hat gemietet,to rent,kiralamak,снимать / арендовать,
726,A2,21,M,main,Milch,die,,Noun,,,milk,süt,молоко,
727,A2,21,M,main,Mineral-,das,,Noun,,,mineral water (compound),maden suyu- (önek),минеральная вода- (часть сложного слова),
728,A2,21,M,main,mit,,,Other,,,with / by,ile,с / при помощи,
729,A2,21,M,main,Mitarbeiter,der,-,Noun,,,employee / staff member,çalışan,сотрудник / работник,
730,A2,21,M,main,Mittagessen,das,-,Noun,,,lunch,öğle yemeği,обед,
731,A2,21,M,main,Mittel,das,-,Noun,,,means / remedy,araç / çare,средство / способ,
732,A2,21,M,main,Möbel,die,,Noun,,,furniture,mobilya,мебель,
733,A2,21,M,main,Mobil-,das,,Noun,,,mobile phone (compound),cep telefonu- (önek),мобильный телефон- (часть сложного слова),
734,A2,21,M,main,möchten,,,Verb,möchte,hat gemocht,would like to,istemek,хотел бы,
735,A2,21,M,main,Mode,die,-n,Noun,,,fashion,moda,мода,
736,A2,21,M,main,möglich,,,Other,,,possible,mümkün,возможный,
737,A2,22,O,main,offen,,,Verb,,,open,açık,открытый,
738,A2,22,Ö,main,öffnen,,,Verb,öffnet,hat geöffnet,to open,açmak,открывать,
739,A2,22,O,main,oft,,,Other,,,often,sık sık,часто,
740,A2,22,O,main,Ohr,das,-en,Noun,,,ear,kulak,ухо,
741,A2,22,Ö,main,Öl,das,-e,Noun,,,oil,yakıt / yağ,масло / нефть,
742,A2,22,O,main,online,,,Other,,,online,çevrimiçi,онлайн,
743,A2,22,O,main,Orange,die,-n,Noun,,,orange (fruit),portakal,апельсин,
744,A2,22,O,main,Ordnung,die,-en,Noun,,,order / tidiness,düzen,порядок / аккуратность,
745,A2,22,O,main,organisieren,,,Verb,,,to organize,organize etmek / düzenlemek,организовывать,
746,A2,22,O,main,Ort,der,-e,Noun,,,place / location,yer,место / населённый пункт,
747,A2,22,P,main,Paar,das,-e,Noun,,,pair / couple,çift,пара / пара людей,
748,A2,22,E,main,ein,,,Other,,,a / one,bir,один / какой-то,
749,A2,22,P,main,packen,,,Verb,packt,hat gepackt,to pack,paketlemek,паковать,
750,A2,22,P,main,Paket,das,-e,Noun,,,package / parcel,parça / paket,посылка / пакет,
751,A2,22,P,main,Partner,der,-,Noun,,,partner (male),ortak / partner (erkek),партнёр (муж.),
752,A2,22,P,main,Partnerin,die,-nen,Noun,,,partner (female),ortak / partner (kadın),партнёрша (жен.),
753,A2,22,P,main,Party,die,-s,Noun,,,party,parti / eğlence,вечеринка,
754,A2,22,P,main,passieren,,,Verb,passiert,,to happen / occur,olmak,случаться / происходить,
755,A2,22,N,main,nennen,,,Verb,nennt,,to name / call,adlandırmak / çağırmak,называть,
756,A2,22,N,main,nervös,,,Other,,,nervous,gergin,нервный,
757,A2,22,N,main,neu,,,Other,,,new,yeni,новый,
758,A2,22,N,main,nicht,,,Other,,,not,değil,не,
759,A2,22,N,main,nichts,,,Other,,,nothing,hiçbir şey,ничего,
760,A2,22,N,main,nie,,,Other,,,never,asla,никогда,
761,A2,22,N,main,niemand,,,Other,,,nobody / no one,hiç kimse,никто,
762,A2,22,N,main,nirgends,,,Other,,,nowhere,hiçbir yerde,нигде,
763,A2,22,N,main,noch,,,Other,,,still / yet,hala / henüz,ещё / всё ещё,
764,A2,22,N,main,normal,,,Other,,,normal,normal,нормальный,
765,A2,22,N,main,Note,die,-n,Noun,,,grade / mark,not,оценка,
766,A2,22,N,main,Notiz,die,-en,Noun,,,note / memo,not / not kağıdı,заметка / записка,
767,A2,22,N,main,Nudel,die,-n,Noun,,,noodle / pasta,makarna,лапша / макароны,
768,A2,22,N,main,Nummer,die,-n,Noun,,,number,numara,номер,
769,A2,22,N,main,nur,,,Other,,,only / just,sadece,только / просто,
770,A2,22,N,main,nützlich,,,Other,,,useful,faydalı,полезный,
771,A2,22,O,main,oben,,,Verb,,,above / upstairs,yukarıda,сверху / наверху,
772,A2,22,O,main,oder,,,Other,,,or,veya,или,
773,A2,23,P,main,Projekt,das,-e,Noun,,,project,proje,проект,
774,A2,23,P,main,Prospekt,der,-e,Noun,,,brochure / leaflet,broşür,проспект / брошюра,
775,A2,23,P,main,prüfen,,,Verb,prüft,hat geprüft,to check / test,denetlemek / kontrol etmek,проверять / тестировать,
776,A2,23,P,main,Prüfung,die,-en,Noun,,,exam / test,sınav,экзамен / тест,
777,A2,23,P,main,putzen,,,Verb,putzt,hat geputzt,to clean,temizlemek,чистить / убирать,
778,A2,23,Q,main,Qualität,die,-en,Noun,,,quality,kalite,качество,
779,A2,23,Q,main,Quiz,das,,Noun,,,quiz,quiz,викторина,
780,A2,23,R,main,Radio,das,-s,Noun,,,radio,radyo,радио,
781,A2,23,R,main,Rathaus,das,¨-er,Noun,,,town hall / city hall,belediye binası,ратуша / мэрия,
782,A2,23,R,main,Rätsel,das,-,Noun,,,puzzle / riddle,bilmece,загадка / головоломка,
783,A2,23,R,main,rauchen,,,Verb,raucht,hat geraucht,to smoke,sigara içmek,курить,
784,A2,23,R,main,Raum,der,¨-e,Noun,,,room / space,oda,комната / пространство,
785,A2,23,R,main,Rechnung,die,-en,Noun,,,bill / invoice,fatura,счёт / счёт-фактура,
786,A2,23,R,main,Regen,der,,Noun,,,rain,yagmur,дождь,
787,A2,23,R,main,Reinigung,die,-en,Noun,,,cleaning / dry cleaner's,temizlik / kuru temizleme,чистка / химчистка,
788,A2,23,P,main,Pause,die,-n,Noun,,,break / pause,mola,перерыв / пауза,
789,A2,23,P,main,Person,die,-en,Noun,,,person,kişi,человек,
790,A2,23,P,main,Pizza,die,-s/-en,Noun,,,pizza,pizza,пицца,
791,A2,23,P,main,Plakat,das,-e,Noun,,,poster,afiş,плакат,
792,A2,23,P,main,Plan,der,¨-e,Noun,,,plan,plan,план,
793,A2,23,P,main,Platz,der,¨-e,Noun,,,place / seat / square,yer / meydan,место / сиденье / площадь,
794,A2,23,P,main,plötzlich,,,Other,,,suddenly,aniden,внезапно,
795,A2,23,P,main,Polizei,die,,Noun,,,police,polis,полиция,
796,A2,23,P,main,Portion,die,-en,Noun,,,portion / serving,porsiyon,порция,
797,A2,23,P,main,Poster,das,-,Noun,,,poster,poster,постер,
798,A2,23,P,main,Praktikum,das,-a,Noun,,,internship,staj,стажировка,
799,A2,23,P,main,Praxis,die,-en,Noun,,,practice / doctor's office,muayenehane / uygulama,практика / кабинет врача,
800,A2,23,P,main,Preis,der,-e,Noun,,,price,fiyat,цена,
801,A2,23,P,main,preiswert,,,Other,,,good value / affordable,uygun fiyatlı,выгодный / недорогой,
802,A2,23,P,main,pro,,,Other,,,per,her / başına,за / на,
803,A2,23,P,main,probieren,,,Verb,probiert,,to try / taste,tatmak / denemek,пробовать / пробовать на вкус,
804,A2,23,P,main,Problem,das,-e,Noun,,,problem,sorun,проблема,
805,A2,24,R,main,rund,,,Other,,,round / about,etrafında / yaklaşık,круглый / примерно,
806,A2,24,R,main,Rundgang,der,¨-e,Noun,,,tour / round trip,tur,обход / экскурсия,
807,A2,24,S,main,Sache,die,-n,Noun,,,thing / matter,şey,вещь / дело,
808,A2,24,S,main,Saft,der,¨-e,Noun,,,juice,meşrubat / meyve suyu,сок,
809,A2,24,S,main,sagen,,,Verb,sagt,hat gesagt,to say / tell,söylemek,говорить / сказать,
810,A2,24,S,main,Salat,der,-e,Noun,,,salad,salata,салат,
811,A2,24,S,main,Salz,das,-e,Noun,,,salt,tuz,соль,
812,A2,24,S,main,sammeln,,,Verb,sammelt,,to collect,toplamak,собирать,
813,A2,24,S,main,Satz,der,¨-e,Noun,,,sentence / set,cümle,предложение / набор,
814,A2,24,S,main,Schalter,der,-,Noun,,,counter / switch / ticket window,gişe / anahtar,стойка / выключатель / касса,
815,A2,24,S,main,scharf,,,Other,,,sharp / spicy,acı / keskin,острый / острый на вкус,
816,A2,24,S,main,scheinen,,,Verb,scheint,,to shine / seem,görünmek / parlamak,светить / казаться,
817,A2,24,S,main,schenken,,,Verb,schenkt,hat geschenkt,to give (as a gift),hediye etmek,дарить,
818,A2,24,S,main,Schere,die,-n,Noun,,,scissors,makas,ножницы,
819,A2,24,S,main,schicken,,,Verb,schickt,hat geschickt,to send,göndermek,посылать,
820,A2,24,S,main,Schiff,das,-e,Noun,,,ship,gemi,корабль,
821,A2,24,S,main,Schirm,der,,Noun,,,umbrella / screen,şemsiye,зонт / экран,
822,A2,24,R,main,Reise,die,-n,Noun,,,journey / trip,yolculuk,поездка / путешествие,
823,A2,24,R,main,Reisebüro,das,-s,Noun,,,travel agency,seyahat acentesi,туристическое агентство,
824,A2,24,R,main,Reiseführer,der,-,Noun,,,travel guide,gezi rehberi,путеводитель,
825,A2,24,R,main,reisen,,,Verb,reist,,to travel,seyehat etmek,путешествовать,
826,A2,24,R,main,reiten,,,Verb,reitet,ist geritten,to ride (horse),at binmek,ездить верхом,
827,A2,24,R,main,renovieren,,,Verb,renoviert,hat renoviert,to renovate,renove etmek,ремонтировать / обновлять,
828,A2,24,R,main,Rentnerin,die,-nen,Noun,,,pensioner (female),emekli (kadın),пенсионерка (жен.),
829,A2,24,R,main,Reparatur,die,-en,Noun,,,repair,tamir,ремонт,
830,A2,24,R,main,reservieren,,,Verb,reserviert,,to reserve,rezerve etmek,резервировать,
831,A2,24,R,main,Rest,der,-e,Noun,,,rest / remainder,kalan,остаток / остальное,
832,A2,24,R,main,Restaurant,das,-s,Noun,,,restaurant,restoran,ресторан,
833,A2,24,R,main,Rezeption,die,en,Noun,,,reception (desk),resepsiyon,ресепшен / стойка регистрации,
834,A2,24,R,main,richtig,,,Other,,,correct / right,doğru,правильный / верный,
835,A2,24,R,main,riechen,,,Verb,riecht,hat gerochen,to smell,kokmak,пахнуть,
836,A2,24,R,main,Rind,das,,Noun,,,beef / cattle,sığır eti,говядина / крупный рогатый скот,
837,A2,24,R,main,Rose,die,-n,Noun,,,rose,gül,роза,
838,A2,24,R,main,Rücken,der,-,Noun,,,back (body),sırt,спина,
839,A2,24,R,main,rufen,,,Verb,ruft,hat gerufen,to call / shout,bağırmak / çağırmak,звать / кричать,
840,A2,24,R,main,Ruhe,die,,Noun,,,quiet / peace / rest,huzur,покой / тишина / отдых,
841,A2,24,R,main,ruhig,,,Other,,,quiet / calm,sakin,тихий / спокойный,
842,A2,25,S,main,Schüler,der,- /,Noun,,,pupil / school student (male),öğrenci (erkek),ученик / школьник (муж.),
843,A2,25,S,main,Schülerin,die,-nen,Noun,,,pupil / school student (female),öğrenci (kız),ученица / школьница (жен.),
844,A2,25,S,main,schwach,,,Other,,,weak,zayıf,слабый,
845,A2,25,S,main,schwierig,,,Other,,,difficult,zor,трудный,
846,A2,25,S,main,schwimmen,,,Verb,schwimmt,ist geschwommen,to swim,yüzmek,плавать,
847,A2,25,S,main,See,der,-n,Noun,,,lake,göl,озеро,
848,A2,25,S,main,See,die,,Noun,,,sea,deniz,море,
849,A2,25,S,main,sehen,,,Verb,sieht,hat gesehen,to see,görmek,видеть,
850,A2,25,S,main,Sehens-,die,,Noun,,,tourist attraction (compound),gezilecek yer- (önek),достопримечательность- (часть сложного слова),
851,A2,25,S,main,sehr,,,Other,,,very,çok,очень,
852,A2,25,S,main,Seife,die,-n,Noun,,,soap,sebep? (typo) Seife -> sabun,мыло,
853,A2,25,S,main,Service,der,,Noun,,,service,hizmet,сервис / обслуживание,
854,A2,25,S,main,setzen,,,Verb,setzt,hat gesetzt,to sit down / place,oturmak / koymak,садиться / ставить,
855,A2,25,S,main,schlecht,,,Other,,,bad / poor,kötü,плохой,
856,A2,25,S,main,schließen,,,Verb,schließt,,to close / shut,kapatmak,закрывать,
857,A2,25,S,main,Schluss,der,¨-e,Noun,,,end / conclusion,son / sonuç,конец / завершение,
858,A2,25,S,main,Schlüssel,der,-,Noun,,,key,anahtar,ключ,
859,A2,25,S,main,schmecken,,,Verb,schmeckt,,to taste,tatmak,иметь вкус / быть вкусным,
860,A2,25,S,main,Schmerz,der,-en,Noun,,,pain / ache,ağrı,боль,
861,A2,25,S,main,schneien,,,Verb,schneit,hat geschneit,to snow,kar yağmak,идти снег / снежить,
862,A2,25,S,main,schnell,,,Other,,,fast / quick,çabuk,быстрый,
863,A2,25,S,main,schon,,,Other,,,already,zaten,уже,
864,A2,25,S,main,schön,,,Other,,,beautiful / nice,güzel,красивый / хороший,
865,A2,25,S,main,Schrank,der,¨-e,Noun,,,cupboard / wardrobe,elbise dolabı,шкаф,
866,A2,25,S,main,schrecklich,,,Other,,,terrible / awful,feci,ужасный / страшный,
867,A2,25,S,main,schreiben,,,Verb,schreibt,hat geschrieben,to write,yazmak,писать,
868,A2,25,S,main,schriftlich,,,Other,,,in writing / written,yazılı,письменно / в письменной форме,
869,A2,25,S,main,Schuh,der,-e,Noun,,,shoe,ayakkabı,туфля / ботинок,
870,A2,25,S,main,Schule,die,-n,Noun,,,school,okul,школа,
871,A2,26,S,main,spielen,,,Verb,spielt,,to play,oynamak,играть,
872,A2,26,S,main,Sport,der,,Noun,,,sport / sports,spor,спорт,
873,A2,26,S,main,Sprache,die,-n,Noun,,,language,dil,язык,
874,A2,26,S,main,sprechen,,,Verb,spricht,hat gesprochen,to speak / talk,konuşmak,говорить / разговаривать,
875,A2,26,S,main,Sprech-,die,,Noun,,,office hours (compound),danışma- (önek),часы приёма- (часть сложного слова),
876,A2,26,S,main,Stadt,die,¨-e,Noun,,,city / town,şehir,город,
877,A2,26,S,main,stattfinden,,,Verb,,,to take place / occur,gerçekleşmek,происходить / состояться,
878,A2,26,S,main,stehen,,,Verb,steht,,to stand,ayakta durmak,стоять,
879,A2,26,S,main,Stelle,die,-n,Noun,,,position / job / place,görev / yer,место / должность / участок,
880,A2,26,S,main,stellen,,,Verb,stellt,,to place / put,koymak,ставить / класть,
881,A2,26,S,main,sterben,,,Verb,stirbt,ist gestorben,to die,ölmek,умирать,
882,A2,26,S,main,Stiefel,der,-,Noun,,,boot,çizme,сапог,
883,A2,26,S,main,Stipen-,das,,Noun,,,scholarship (compound),burs- (önek),стипендия- (часть сложного слова),
884,A2,26,S,main,Stock,der,¨-e;,Noun,,,floor / storey,kat,этаж,
885,A2,26,S,main,Strand,der,¨-e,Noun,,,beach,plaj,пляж,
886,A2,26,S,main,Straße,die,-n,Noun,,,street / road,sokak,улица / дорога,
887,A2,26,S,main,streiten,,,Verb,streitet,hat gestritten,to argue / fight,kavga etmek / tartışmak,ссориться / ругаться,
888,A2,26,S,main,singen,,,Verb,singt,,to sing,şarkı söylemek,петь,
889,A2,26,S,main,Situation,die,-en,Noun,,,situation,durum,ситуация,
890,A2,26,S,main,sitzen,,,Verb,sitzt,,to sit,oturmak,сидеть,
891,A2,26,S,main,Ski,der,"-, -er",Noun,,,ski,kayak,лыжи,
892,A2,26,S,main,so,,,Other,,,so / like that,böyle,так / вот так,
893,A2,26,S,main,Sofa,das,-s,Noun,,,sofa / couch,divan,диван,
894,A2,26,S,main,sofort,,,Other,,,immediately,hemen,сразу / немедленно,
895,A2,26,S,main,sogar,,,Other,,,even / in fact,hatta,даже / фактически,
896,A2,26,S,main,sollen,,,Verb,soll,,should / to be supposed to,gerekmek,должен / полагаться,
897,A2,26,S,main,Sonne,die,-n,Noun,,,sun,güneş,солнце,
898,A2,26,S,main,spannend,,,Other,,,exciting / thrilling,heyecan verici,захватывающий / напряжённый,
899,A2,26,S,main,sparen,,,Verb,spart,hat gespart,to save (money),para biriktirmek,копить / экономить,
900,A2,26,S,main,Spaß,der,,Noun,,,fun / joke,eğlence,веселье / шутка,
901,A2,26,S,main,Spazier-,der,,Noun,,,walk (compound),gezinti- (önek),прогулка- (часть сложного слова),
902,A2,26,S,main,speichern,,,Verb,speichert,hat gespeichert,to save (digital),kaydetmek,сохранять,
903,A2,26,S,main,Speisekarte,die,-n,Noun,,,menu,menü,меню,
904,A2,26,S,main,Spiel,das,-e,Noun,,,game / play,oyun,игра / пьеса,
905,A2,27,T,main,teilnehmen,,,Verb,nimmt teil,hat teilgenommen,to participate / take part,katılmak,участвовать / принимать участие,
906,A2,27,T,main,Telefon,das,-e,Noun,,,telephone / phone,telefon,телефон,
907,A2,27,T,main,Teller,der,-,Noun,,,plate,tabağ,тарелка,
908,A2,27,T,main,Tennis,das,,Noun,,,tennis,tenis,теннис,
909,A2,27,T,main,Tipp,der,-s,Noun,,,tip / hint,ipuçu,совет / подсказка,
910,A2,27,T,main,Torte,die,-n,Noun,,,layer cake / gateau,pasta,торт,
911,A2,27,T,main,Tourist,der,"-en,",Noun,,,tourist,turist,турист,
912,A2,27,T,main,tragen,,,Verb,trägt,hat getragen,to carry / wear,taşımak / giymek,нести / носить,
913,A2,27,T,main,trainieren,,,Verb,trainiert,hat trainiert,to train,antrenman yapmak,тренироваться,
914,A2,27,T,main,Training,das,-s,Noun,,,training,antrenman,тренировка,
915,A2,27,T,main,Traum,der,¨-e,Noun,,,dream,rüya,сон / мечта,
916,A2,27,S,main,Student,der,"-en,",Noun,,,"student (university, male)","öğrenci (üniversite, erkek)",студент (муж.),
917,A2,27,S,main,studieren,,,Verb,studiert,hat studiert,to study (university),okumak (üniversitede),учиться в вузе,
918,A2,27,S,main,Studium,das,,Noun,,,studies / degree,öğrenim / bölüm,учёба / степень,
919,A2,27,S,main,super,,,Other,,,great / super,harika,супер / отлично,
920,A2,27,S,main,Supermarkt,der,¨-e,Noun,,,supermarket,süpermarket,супермаркет,
921,A2,27,S,main,Suppe,die,-n,Noun,,,soup,çorba,суп,
922,A2,27,S,main,süß,,,Other,,,sweet,tatlı,сладкий,
923,A2,27,S,main,Süßigkeiten,die,,Noun,,,sweets / candy,şekerlemeler,сладости / конфеты,
924,A2,27,S,main,sympathisch,,,Other,,,likeable / nice,sempatik,приятный / симпатичный,
925,A2,27,T,main,Tablet,das,-s,Noun,,,tablet (device),tablet,планшет,
926,A2,27,T,main,Tablette,die,-n,Noun,,,tablet / pill,tablet / hap,таблетка,
927,A2,27,T,main,tanzen,,,Verb,tanzt,,to dance,Dans etmek,танцевать,
928,A2,27,T,main,Tasche,die,-n,Noun,,,bag / pocket,çanta,сумка / карман,
929,A2,27,T,main,Taschengeld,das,,Noun,,,pocket money / allowance,harçlık,карманные деньги / пособие,
930,A2,27,T,main,Tasse,die,-n,Noun,,,cup,fincan,чашка,
931,A2,27,T,main,Taxi,das,-s,Noun,,,taxi,taksi,такси,
932,A2,27,T,main,Tee,der,-s,Noun,,,tea,çay,чай,
933,A2,28,U,main,unbedingt,,,Other,,,absolutely / by all means,kesinlikle,обязательно / во что бы то ни стало,
934,A2,28,U,main,und,,,Other,,,and,ve,и,
935,A2,28,U,main,Unfall,der,¨-e,Noun,,,accident,kaza,несчастный случай / авария,
936,A2,28,U,main,Universität,die,-en,Noun,,,university,üniversite,университет,
937,A2,28,U,main,Unterkunft,die,¨-e,Noun,,,accommodation,konaklama,жильё / размещение,
938,A2,28,U,main,unternehmen,,,Verb,unternimmt,hat unternommen,to do / undertake,üstlenmek / yapmak,предпринимать / делать,
939,A2,28,U,main,Unterricht,der,,Noun,,,lesson / class,ders,урок / занятие,
940,A2,28,U,main,unterschreiben,,,Verb,unterschreibt,hat unterschrieben,to sign,imzalamak,подписывать,
941,A2,28,U,main,Unterschrift,die,-en,Noun,,,signature,imza,подпись,
942,A2,28,U,main,Urlaub,der,-e,Noun,,,holiday / vacation,tatil,отпуск / каникулы,
943,A2,28,V,main,Veranstal-,die,,Noun,,,event (compound),etkinlik- (önek),мероприятие- (часть сложного слова),
944,A2,28,V,main,verbieten,,,Verb,,,to forbid / prohibit,yasaklamak,запрещать,
945,A2,28,V,main,verboten,,,Verb,,,forbidden / prohibited,yasak,запрещённый,
946,A2,28,V,main,verdienen,,,Verb,verdient,hat verdient,to earn,kazanç sağlamak / kazanmak,зарабатывать,
947,A2,28,V,main,Verein,der,-e,Noun,,,club / association,dernek / kulüp,клуб / объединение,
948,A2,28,V,main,vereinbaren,,,Verb,vereinbart,hat vereinbart,to agree on / arrange,kararlaştırmak / ayarlamak,договариваться / назначать,
949,A2,28,V,main,vergessen,,,Verb,vergisst,,to forget,unutmak,забывать,
950,A2,28,T,main,Treppe,die,-n,Noun,,,stairs / staircase,merdiven,лестница,
951,A2,28,T,main,trinken,,,Verb,trinkt,hat getrunken,to drink,içmek,пить,
952,A2,28,T,main,trocken,,,Verb,bis morgen!das,hat getan,dry,kuru,сухой,
953,A2,28,T,main,Tür,die,-en,Noun,,,door,kapı,дверь,
954,A2,28,Ü,main,üben,,,Verb,übt,hat geübt,to practice,alıştırma yapmak / pratik yapmak,упражняться / практиковаться,
955,A2,28,Ü,main,über,,,Other,,,over / about / via,hakkında / üzerinden,над / о / через,
956,A2,28,Ü,main,übermorgen,,,Verb,,,the day after tomorrow,öbür gün / yarından sonraki gün,послезавтра,
957,A2,28,Ü,main,übernachten,,,Verb,übernachtet,hat übernachtet,to stay overnight,gecelemek,ночевать,
958,A2,28,Ü,main,übersetzen,,,Verb,übersetzt,hat übersetzt,to translate,çevirmek,переводить,
959,A2,28,Ü,main,Über-,die,,Noun,,,translation (compound),çeviri- (önek),перевод- (часть сложного слова),
960,A2,28,Ü,main,überweisen,,,Verb,überweist,,to transfer (money),para transfer etmek,переводить (деньги),
961,A2,28,U,main,Uhr,die,-en,Noun,,,clock / watch,saat,часы / часы наручные,
962,A2,28,U,main,um,,,Other,,,around / at (time),saat civarında / -de,около / в (о времени),
963,A2,28,U,main,umsteigen,,,Verb,steigt um,ist umgestiegen,to change (trains/buses),aktarma yapmak,делать пересадку,
964,A2,28,U,main,umziehen,,,Verb,zieht um,ist umgezogen,to move house / change clothes,taşınmak / kıyafet değiştirmek,переезжать / переодеваться,
965,A2,28,U,main,Umzug,der,¨-e,Noun,,,move / parade,taşınma / geçit töreni,переезд / парад,
966,A2,29,V,main,Volleyball,der,¨-e,Noun,,,volleyball,voleybol,волейбол,
967,A2,29,V,main,von,,,Other,,,from / of / by,-den / -dan / tarafından,из / от / со стороны,
968,A2,29,V,main,vor,,,Other,,,before / in front of,önünde / önce,перед / до,
969,A2,29,V,main,vorbei,,,Other,,,past / over,geçmiş / bitmiş,мимо / закончено,
970,A2,29,V,main,vorbereiten,,,Verb,bereitet vor,,to prepare,hazırlamak,подготавливать,
971,A2,29,V,main,vorgestern,,,Verb,,,the day before yesterday,evvelsi gün,позавчера,
972,A2,29,V,main,vorsichtig,,,Other,,,careful / cautious,dikkatli,осторожный,
973,A2,29,V,main,vorstellen,,,Verb,stellt vor,,to introduce / imagine,tanıtmak / hayal etmek,представлять / воображать,
974,A2,29,V,main,vorwärts,,,Other,,,forward(s),ileri,вперёд,
975,A2,29,W,main,wach,,,Other,,,awake,uyanık,бодрствующий,
976,A2,29,W,main,Wagen,der,–,Noun,,,car / carriage,araba / vagon,автомобиль / вагон,
977,A2,29,W,main,wählen,,,Verb,wählt,hat gewählt,to choose / vote,seçmek / oy vermek,выбирать / голосовать,
978,A2,29,W,main,wahr,,,Other,,,true,gerçek,правда / истинный,
979,A2,29,W,main,Wald,der,¨-er,Noun,,,forest / woods,orman,лес,
980,A2,29,W,main,wandern,,,Verb,wandert,ist gewandert,to hike,yürüyüş yapmak,ходить в поход,
981,A2,29,W,main,wann,,,Other,,,when,ne zaman,когда,
982,A2,29,W,main,warm,,,Other,,,warm,sıcak,тёплый,
983,A2,29,W,main,warten,,,Verb,wartet,,to wait,beklemek,ждать,
984,A2,29,V,main,verkaufen,,,Verb,verkauft,hat verkauft,to sell,satmak,продавать,
985,A2,29,V,main,Verkehr,der,,Noun,,,traffic,trafiк,движение / транспорт,
986,A2,29,V,main,verletzen,,,Verb,verletzt,,to hurt / injure,yaralamak,ранить / травмировать,
987,A2,29,V,main,verlieben,,,Verb,verliebt,hat verliebt,to fall in love,aşık olmak,влюбляться,
988,A2,29,V,main,verlieren,,,Verb,verliert,,to lose,kaybetmek,терять,
989,A2,29,V,main,vermieten,,,Verb,vermietet,hat vermietet,to rent out,kiralamak (vermek),сдавать в аренду,
990,A2,29,V,main,Vermieter,der,- /,Noun,,,landlord (male),ev sahibi (erkek),арендодатель / хозяин квартиры (муж.),
991,A2,29,V,main,Vermieterin,die,-nen,Noun,,,landlord (female),ev sahibi (kadın),арендодательница / хозяйка квартиры (жен.),
992,A2,29,V,main,verpassen,,,Verb,verpasst,hat verpasst,to miss,kaçırmak,пропускать / упускать,
993,A2,29,V,main,verreisen,,,Verb,verreist,,to go on a trip,tatile çıkmak,уезжать в поездку,
994,A2,29,V,main,verschieben,,,Verb,verschiebt,hat verschoben,to postpone / move,ertelemek,переносить / передвигать,
995,A2,29,V,main,verschieden,,,Verb,,,different / various,çeşitli,разный / различный,
996,A2,29,V,main,Verspätung,die,-en,Noun,,,delay,gecikme,задержка,
997,A2,29,V,main,versuchen,,,Verb,versucht,,to try,denemek,пытаться,
998,A2,29,V,main,Vertrag,der,¨-e,Noun,,,contract,sözleşme,договор,
999,A2,29,V,main,vielleicht,,,Other,,,maybe / perhaps,belki,может быть / возможно,
1000,A2,29,V,main,Vogel,der,¨-,Noun,,,bird,kuş,птица,
1001,A2,29,V,main,voll,,,Other,,,full,dolu,полный,
1002,A2,30,W,main,werden,,,Verb,wird,ist gewor,to become,olmak / -e gelmek,становиться,
1003,A2,30,S,main,sie,,,Other,,,she / they,o / onlar,она / они,
1004,A2,30,W,main,Werkstatt,die,¨-en,Noun,,,workshop / garage (car),atölye / garaj,мастерская / автосервис,
1005,A2,30,W,main,Wettbewerb,der,-e,Noun,,,competition,yarışma,конкурс,
1006,A2,30,W,main,wie,,,Other,,,how / as / like,nasıl / gibi,как / в качестве / подобно,
1007,A2,30,W,main,wieder,,,Other,,,again,tekrar,снова,
1008,A2,30,W,main,wiederholen,,,Verb,,,to repeat,tekrar etmek,повторять,
1009,A2,30,W,main,Wiederhören,das,-,Noun,,,goodbye (on phone),görüşürüz (telefonda),до свидания (по телефону),
1010,A2,30,W,main,Wiedersehen,das,-,Noun,,,goodbye,hoşça kal,до свидания,
1011,A2,30,W,main,wirklich,,,Other,,,really / truly,gerçekten,действительно / правда,
1012,A2,30,W,main,wissen,,,Verb,weiß,hat gewusst,to know (a fact),bilmek,знать (факт),
1013,A2,30,W,main,Witz,der,-e,Noun,,,joke,şaka,шутка,
1014,A2,30,W,main,wo,,,Other,,,where,nerede,где,
1015,A2,30,W,main,woher,,,Other,,,where from,nereden,откуда,
1016,A2,30,W,main,wohin,,,Other,,,where to,nereye,куда,
1017,A2,30,W,main,wohnen,,,Verb,wohnt,,to live / reside,ikamet etmek,жить / проживать,
1018,A2,30,W,main,Wohnung,die,-en,Noun,,,apartment / flat,daire,квартира,
1019,A2,30,W,main,Wohnzimmer,das,-,Noun,,,living room,oturma odası,гостиная,
1020,A2,30,W,main,Wäsche,die,-n,Noun,,,laundry / washing,çamaşır,бельё / стирка,
1021,A2,30,W,main,waschen,,,Verb,wäscht,hat gewaschen,to wash,yıkamak,мыть,
1022,A2,30,W,main,Wasser,das,,Noun,,,water,su,вода,
1023,A2,30,W,main,Webseite,die,-n,Noun,,,website,web sitesi,веб-сайт,
1024,A2,30,W,main,wecken,,,Verb,weckt,hat geweckt,to wake (someone),uyandırmak,будить,
1025,A2,30,W,main,weg/weg-,,,Other,,,away / off (prefix),uzakta / -den (önek),прочь / от- (приставка),
1026,A2,30,W,main,Weg,der,-e,Noun,,,way / path / route,yol,путь / дорога / маршрут,
1027,A2,30,W,main,wegen,,,Verb,,,because of / due to,nedeniyle,из-за / по причине,
1028,A2,30,W,main,weiblich,,,Other,,,female / feminine,dişi,женский / женственного рода,
1029,A2,30,W,main,weich,,,Other,,,soft,yumuşak,мягкий,
1030,A2,30,W,main,Wein,der,-e,Noun,,,wine,şarap,вино,
1031,A2,30,W,main,weinen,,,Verb,weint,hat geweint,to cry,ağlamak,плакать,
1032,A2,30,W,main,weit,,,Other,,,far / wide,uzak,далеко / широко,
1033,A2,30,W,main,weiter,,,Other,,,further / continue,ileriye / devam,дальше / продолжать,
1034,A2,30,W,main,Welt,die,-en,Noun,,,world,dünya,мир,
1035,A2,30,W,main,wenigstens,,,Other,,,at least,en azından,по крайней мере,
1036,A2,31,Z,main,Zimmer,das,-,Noun,,,room,oda,комната,
1037,A2,31,Z,main,Zirkus,der,-se,Noun,,,circus,sirk,цирк,
1038,A2,31,Z,main,Zoo,der,-s,Noun,,,zoo,hayvanat bahçesi,зоопарк,
1039,A2,31,Z,main,Zucker,der,,Noun,,,sugar,şeker,сахар,
1040,A2,31,Z,main,zufrieden,,,Verb,,,satisfied / content,memnun,довольный / удовлетворённый,
1041,A2,31,Z,main,Zug,der,¨-e,Noun,,,train,tren,поезд,
1042,A2,31,Z,main,zuletzt,,,Other,,,lastly / last time,en son,напоследок / в последний раз,
1043,A2,31,Z,main,zumachen,,,Verb,macht zu,hat zugemacht,to close / shut,kapatmak,закрывать,
1044,A2,31,Z,main,zusammen,,,Verb,,,together,birlikte,вместе,
1045,A2,31,Z,main,zwischen,,,Verb,,,between,arasında,между,
1046,A2,31,W,main,wollen,,,Verb,will,hat gewollt,to want,istemek,хотеть,
1047,A2,31,W,main,Workshop,der,-s,Noun,,,workshop,atölye,мастер-класс,
1048,A2,31,W,main,Wort,das,¨-er,Noun,,,word,kelime,слово,
1049,A2,31,W,main,wunderbar,,,Other,,,wonderful / marvelous,muhteşem,замечательный / чудесный,
1050,A2,31,W,main,Wunsch,der,¨-e,Noun,,,wish,dilek,желание,
1051,A2,31,W,main,wünschen,,,Verb,,,to wish,dilemek,желать,
1052,A2,31,Z,main,Zahl,die,-en,Noun,,,number / figure,sayı,число / цифра,
1053,A2,31,Z,main,Zahn,der,¨-e,Noun,,,tooth,diş,зуб,
1054,A2,31,Z,main,zeigen,,,Verb,zeigt,hat gezeigt,to show,göstermek,показывать,
1055,A2,31,Z,main,Zeit,die,-en,Noun,,,time,zaman,время,
1056,A2,31,Z,main,Zelt,das,-e,Noun,,,tent,çadır,палатка,
1057,A2,31,Z,main,Zettel,der,-,Noun,,,note / slip of paper,not / makbuz,записка / листок бумаги,
1058,A2,31,Z,main,Zeugnis,das,-se,Noun,,,report card / certificate,karne / sertifika,табель / сертификат,
1059,A2,31,Z,main,Ziel,das,-e,Noun,,,goal / destination / target,hedef / varış noktası,цель / пункт назначения / задача,
