id,word,difficulty,level,theme
1,Zahlen,3,A1,Numbers & Quantities
2,eins,1,A1,Numbers & Quantities
3,zwei,1,A1,Numbers & Quantities
4,drei,1,A1,Numbers & Quantities
5,vier,1,A1,Numbers & Quantities
6,fünf,1,A1,Numbers & Quantities
7,sechs,2,A1,Numbers & Quantities
8,sieben,3,A1,Numbers & Quantities
9,acht,1,A1,Numbers & Quantities
10,neun,1,A1,Numbers & Quantities
11,zehn,1,A1,Numbers & Quantities
12,elf,1,A1,Numbers & Quantities
13,zwölf,2,A1,Numbers & Quantities
14,dreizehn,7,A1,Numbers & Quantities
15,vierzehn,7,A1,Numbers & Quantities
16,fünfzehn,7,A1,Numbers & Quantities
17,sechzehn,7,A1,Numbers & Quantities
18,siebzehn,7,A1,Numbers & Quantities
19,achtzehn,7,A1,Numbers & Quantities
20,neunzehn,7,A1,Numbers & Quantities
21,zwanzig,6,A1,Numbers & Quantities
22,einundzwanzig,10,A1,Numbers & Quantities
23,dreißig,6,A1,Numbers & Quantities
24,vierzig,6,A1,Numbers & Quantities
25,fünfzig,6,A1,Numbers & Quantities
26,sechzig,6,A1,Numbers & Quantities
27,siebzig,6,A1,Numbers & Quantities
28,achtzig,6,A1,Numbers & Quantities
29,neunzig,6,A1,Numbers & Quantities
30,hundert,6,A1,Numbers & Quantities
31,hunderteins,10,A1,Numbers & Quantities
32,zweihundert,10,A1,Numbers & Quantities
33,tausend,6,A1,Numbers & Quantities
34,Million,8,A1,Numbers & Quantities
35,Milliarde,9,A1,Numbers & Quantities
36,erste,4,A1,Numbers & Quantities
37,zweite,5,A1,Numbers & Quantities
38,dritte,5,A1,Numbers & Quantities
39,vierte,5,A1,Numbers & Quantities
40,Datum,8,A1,Numbers & Quantities
41,halb,1,A1,Numbers & Quantities
42,Viertel,6,A1,Numbers & Quantities
43,Uhrzeit,6,A1,Time & Calendar
44,Sekunde,3,A1,Time & Calendar
45,Minute,3,A1,Time & Calendar
46,Stunde,3,A1,Time & Calendar
47,Zeitmaß,8,A1,Numbers & Quantities
48,Zeitangabe,9,A1,Numbers & Quantities
49,Tag,1,A1,Numbers & Quantities
50,Woche,2,A1,Numbers & Quantities
51,Jahr,1,A1,Numbers & Quantities
52,Wochentag,9,A1,Time & Calendar
53,Wochenende,9,A1,Time & Calendar
54,Sonntag,3,A1,Time & Calendar
55,Montag,3,A1,Time & Calendar
56,Dienstag,7,A1,Time & Calendar
57,Mittwoch,7,A1,Time & Calendar
58,Donnerstag,7,A1,Time & Calendar
59,Freitag,3,A1,Time & Calendar
60,Samstag,3,A1,Time & Calendar
61,Sonnabend,7,A1,Time & Calendar
62,Tageszeit,9,A1,Time & Calendar
63,Morgen,3,A1,Time & Calendar
64,Vormittag,7,A1,Time & Calendar
65,Mittag,3,A1,Time & Calendar
66,Nachmittag,7,A1,Time & Calendar
67,Abend,2,A1,Time & Calendar
68,Nacht,2,A1,Time & Calendar
69,Monat,4,A1,Time & Calendar
70,Monatsname,9,A1,Time & Calendar
71,Januar,5,A1,Time & Calendar
72,Februar,6,A1,Time & Calendar
73,März,1,A1,Time & Calendar
74,April,2,A1,Time & Calendar
75,Mai,1,A1,Time & Calendar
76,Juni,4,A1,Time & Calendar
77,Juli,4,A1,Time & Calendar
78,August,5,A1,Time & Calendar
79,September,7,A1,Time & Calendar
80,Oktober,6,A1,Time & Calendar
81,November,7,A1,Time & Calendar
82,Dezember,7,A1,Time & Calendar
83,Jahreszeit,9,A1,Time & Calendar
84,Frühling,7,A1,Time & Calendar
85,Frühjahr,7,A1,Time & Calendar
86,Sommer,3,A1,Time & Calendar
87,Herbst,3,A1,Time & Calendar
88,Winter,3,A1,Time & Calendar
89,Währung,6,A1,Shopping & Finance
90,Euro,1,A1,Shopping & Finance
91,Cent,1,A1,Shopping & Finance
92,Maß,4,A1,Numbers & Quantities
93,Gewicht,6,A1,Numbers & Quantities
94,Meter,2,A1,Numbers & Quantities
95,Zentimeter,7,A1,Numbers & Quantities
96,Kilometer,7,A1,Numbers & Quantities
97,Quadratmeter,10,A1,Numbers & Quantities
98,Grad,1,A1,Numbers & Quantities
99,Prozent,6,A1,Numbers & Quantities
100,Liter,2,A1,Numbers & Quantities
101,Gramm,2,A1,Numbers & Quantities
102,Pfund,4,A1,Numbers & Quantities
103,Kilogramm,9,A1,Numbers & Quantities
104,Land,1,A1,Places & Geography
105,Ländername,9,A1,Places & Geography
106,Nationalität,10,A1,Places & Geography
107,Deutschland,7,A1,Places & Geography
108,Deutschen,7,A1,Places & Geography
109,Europa,5,A1,Places & Geography
110,Europäer,9,A1,Places & Geography
111,europäisch,9,A1,Places & Geography
112,Farbe,2,A1,Grammar & Core Verbs
113,schwarz,3,A1,Grammar & Core Verbs
114,grau,1,A1,Grammar & Core Verbs
115,blau,1,A1,Grammar & Core Verbs
116,grün,1,A1,Grammar & Core Verbs
117,weiß,1,A1,Grammar & Core Verbs
118,rot,1,A1,Grammar & Core Verbs
119,gelb,1,A1,Grammar & Core Verbs
120,braun,2,A1,Grammar & Core Verbs
121,Himmelsrichtung,10,A1,Places & Geography
122,Norden,5,A1,Places & Geography
123,Süden,4,A1,Places & Geography
124,Westen,5,A1,Places & Geography
125,Osten,4,A1,Places & Geography
126,ab,1,A1,Grammar & Core Verbs
127,aber,1,A1,Grammar & Core Verbs
128,abfahren,9,A1,Transportation
129,Abfahrt,8,A1,Transportation
130,abgeben,8,A1,Grammar & Core Verbs
131,abholen,8,A1,Grammar & Core Verbs
132,Absender,9,A1,"Language, Communication & Media"
133,Achtung,6,A1,Grammar & Core Verbs
134,Adresse,6,A1,"Language, Communication & Media"
135,all-,4,A1,Grammar & Core Verbs
136,allein,5,A1,Grammar & Core Verbs
137,also,1,A1,Grammar & Core Verbs
138,alt,1,A1,Grammar & Core Verbs
139,Alter,4,A1,Grammar & Core Verbs
140,an,1,A1,Grammar & Core Verbs
141,anbieten,9,A1,Grammar & Core Verbs
142,Angebot,6,A1,Shopping & Finance
143,ander-,5,A1,Grammar & Core Verbs
144,anfangen,9,A1,Grammar & Core Verbs
145,Anfang,5,A1,Time & Calendar
146,anklicken,9,A1,Grammar & Core Verbs
147,ankommen,9,A1,Transportation
148,Ankunft,8,A1,Transportation
149,ankreuzen,9,A1,"Language, Communication & Media"
150,anmachen,9,A1,Technology & Devices
151,anmelden,9,A1,Grammar & Core Verbs
152,Anrede,8,A1,"Language, Communication & Media"
153,anrufen,8,A1,"Language, Communication & Media"
154,Anruf,4,A1,"Language, Communication & Media"
155,Anruf-,5,A1,"Language, Communication & Media"
156,Ansage,8,A1,"Language, Communication & Media"
157,Anschluss,9,A1,Technology & Devices
158,an sein,8,A1,Grammar & Core Verbs
159,antworten,7,A1,Grammar & Core Verbs
160,Antwort,6,A1,"Language, Communication & Media"
161,Anzeige,8,A1,"Language, Communication & Media"
162,anziehen,9,A1,Clothing & Appearance
163,Apartment,9,A1,Home & Living
164,Apfel,2,A1,Food & Drink
165,Appetit,8,A1,Food & Drink
166,arbeiten,7,A1,Work & Careers
167,Arbeit,5,A1,Work & Careers
168,arbeitslos,9,A1,Work & Careers
169,Arbeitsplatz,10,A1,Work & Careers
170,Arm,1,A1,Body & Health
171,Arzt,4,A1,Work & Careers
172,auch,1,A1,Grammar & Core Verbs
173,auf,1,A1,Grammar & Core Verbs
174,Aufgabe,8,A1,"Language, Communication & Media"
175,aufhören,9,A1,Grammar & Core Verbs
176,auf sein,8,A1,Grammar & Core Verbs
177,aufstehen,9,A1,Grammar & Core Verbs
178,Aufzug,8,A1,Home & Living
179,Auge,1,A1,Body & Health
180,aus,1,A1,Grammar & Core Verbs
181,Ausflug,8,A1,Sports & Leisure
182,ausfüllen,9,A1,Grammar & Core Verbs
183,Ausgang,8,A1,Grammar & Core Verbs
184,Auskunft,9,A1,"Language, Communication & Media"
185,Ausland,8,A1,Travel & Tourism
186,Ausländer,9,A1,"Society, Law & Politics"
187,ausländisch,10,A1,"Society, Law & Politics"
188,ausmachen,9,A1,Technology & Devices
189,Aussage,8,A1,"Language, Communication & Media"
190,aussehen,9,A1,Grammar & Core Verbs
191,aus sein,8,A1,Grammar & Core Verbs
192,aussteigen,9,A1,Transportation
193,Ausweis,8,A1,"Society, Law & Politics"
194,ausziehen,9,A1,Clothing & Appearance
195,Autobahn,9,A1,Transportation
196,Automat,8,A1,Technology & Devices
197,automatisch,10,A1,Technology & Devices
198,Baby,1,A1,"Language, Communication & Media"
199,Bäckerei,9,A1,Food & Drink
200,Bad,1,A1,Home & Living
201,baden,4,A1,Grammar & Core Verbs
202,Bahn,1,A1,Transportation
203,Bahnhof,6,A1,Transportation
204,Bahnsteig,9,A1,Transportation
205,bald,4,A1,Time & Calendar
206,Balkon,5,A1,Home & Living
207,Banane,3,A1,Food & Drink
208,Bank,1,A1,Shopping & Finance
209,bar,4,A1,Grammar & Core Verbs
210,Bauch,2,A1,Body & Health
211,Baum,1,A1,"Nature, Weather & Animals"
212,Beamte,8,A1,Work & Careers
213,bedeuten,9,A1,Grammar & Core Verbs
214,beginnen,7,A1,Grammar & Core Verbs
215,bei,1,A1,Grammar & Core Verbs
216,beide,4,A1,Grammar & Core Verbs
217,Bein,1,A1,Body & Health
218,Beispiel,7,A1,"Language, Communication & Media"
219,bekannt,6,A1,Grammar & Core Verbs
220,der,1,A1,Grammar & Core Verbs
221,die,1,A1,Grammar & Core Verbs
222,das,1,A1,Grammar & Core Verbs
223,bekommen,7,A1,Grammar & Core Verbs
224,benutzen,9,A1,Grammar & Core Verbs
225,Beruf,8,A1,Work & Careers
226,besetzt,6,A1,Grammar & Core Verbs
227,besichtigen,10,A1,Grammar & Core Verbs
228,besser,5,A1,Grammar & Core Verbs
229,best-,4,A1,Grammar & Core Verbs
230,bestellen,9,A1,Food & Drink
231,besuchen,9,A1,Grammar & Core Verbs
232,Bett,1,A1,Home & Living
233,bezahlen,9,A1,Shopping & Finance
234,Bier,1,A1,Food & Drink
235,Bild,1,A1,Arts & Culture
236,billig,5,A1,Shopping & Finance
237,Birne,4,A1,Food & Drink
238,bis,1,A1,Grammar & Core Verbs
239,bisschen,7,A1,Grammar & Core Verbs
240,bitte,2,A1,Grammar & Core Verbs
241,Bitte,2,A1,Grammar & Core Verbs
242,bitten,5,A1,Grammar & Core Verbs
243,bitter,5,A1,Food & Drink
244,bleiben,6,A1,Grammar & Core Verbs
245,Bleistift,9,A1,Education & Learning
246,Blick,8,A1,Grammar & Core Verbs
247,Blume,2,A1,"Nature, Weather & Animals"
248,Bogen,8,A1,"Language, Communication & Media"
249,böse,4,A1,Grammar & Core Verbs
250,brauchen,7,A1,Grammar & Core Verbs
251,breit,4,A1,Grammar & Core Verbs
252,Brief,4,A1,"Language, Communication & Media"
253,Briefmarke,9,A1,"Language, Communication & Media"
254,bringen,6,A1,Grammar & Core Verbs
255,Brot,1,A1,Food & Drink
256,Brötchen,9,A1,Food & Drink
257,Bruder,3,A1,Family & Relationships
258,Buch,1,A1,Grammar & Core Verbs
259,Buchstabe,9,A1,Education & Learning
260,buchstabieren,10,A1,"Language, Communication & Media"
261,Bus,1,A1,Transportation
262,Butter,3,A1,Food & Drink
263,Café,1,A1,Food & Drink
264,CD,1,A1,Grammar & Core Verbs
265,Chef,1,A1,Work & Careers
266,circa,4,A1,Numbers & Quantities
267,ca.,4,A1,"Language, Communication & Media"
268,Computer,7,A1,Technology & Devices
269,da,1,A1,Grammar & Core Verbs
270,Dame,4,A1,Family & Relationships
271,daneben,8,A1,Grammar & Core Verbs
272,danken,5,A1,Grammar & Core Verbs
273,Dank,1,A1,Grammar & Core Verbs
274,danke,1,A1,Grammar & Core Verbs
275,dann,1,A1,Grammar & Core Verbs
276,Datum,8,A1,Numbers & Quantities
277,dauern,5,A1,Grammar & Core Verbs
278,dein-,4,A1,Grammar & Core Verbs
279,denn,4,A1,Grammar & Core Verbs
280,der,1,A1,Grammar & Core Verbs
281,die,1,A1,Grammar & Core Verbs
282,das,1,A1,Grammar & Core Verbs
283,dich,1,A1,Grammar & Core Verbs
284,dies-,2,A1,Grammar & Core Verbs
285,dir,1,A1,Grammar & Core Verbs
286,Disco,4,A1,Sports & Leisure
287,Doktor,5,A1,Work & Careers
288,Doppelzimmer,10,A1,Grammar & Core Verbs
289,Dorf,4,A1,Places & Geography
290,dort,1,A1,Grammar & Core Verbs
291,draußen,6,A1,Grammar & Core Verbs
292,drucken,6,A1,Technology & Devices
293,Drucker,8,A1,Technology & Devices
294,drücken,8,A1,Grammar & Core Verbs
295,durch,2,A1,Grammar & Core Verbs
296,Durchsage,9,A1,"Language, Communication & Media"
297,dürfen,5,A1,Grammar & Core Verbs
298,Durst,4,A1,Food & Drink
299,duschen,8,A1,Grammar & Core Verbs
300,Dusche,8,A1,Home & Living
301,Ecke,8,A1,Places & Geography
302,Ehefrau,8,A1,Family & Relationships
303,Ehemann,8,A1,Family & Relationships
304,Ei,1,A1,Food & Drink
305,eilig,4,A1,Grammar & Core Verbs
306,ein-,1,A1,Grammar & Core Verbs
307,einfach,6,A1,Grammar & Core Verbs
308,Eingang,6,A1,Grammar & Core Verbs
309,einkaufen,9,A1,Shopping & Finance
310,einladen,9,A1,Grammar & Core Verbs
311,Einladung,9,A1,Grammar & Core Verbs
312,einmal,5,A1,Numbers & Quantities
313,einsteigen,9,A1,Transportation
314,Eintritt,9,A1,Grammar & Core Verbs
315,Einzelzimmer,10,A1,Grammar & Core Verbs
316,Eltern,5,A1,Family & Relationships
317,E-Mail,5,A1,"Language, Communication & Media"
318,Empfänger,9,A1,"Language, Communication & Media"
319,empfehlen,9,A1,Grammar & Core Verbs
320,enden,4,A1,Grammar & Core Verbs
321,Ende,4,A1,Time & Calendar
322,entschuldigen,10,A1,Emotions & Personal Traits
323,Entschuldigung,10,A1,Grammar & Core Verbs
324,er,1,A1,Grammar & Core Verbs
325,Ergebnis,9,A1,Grammar & Core Verbs
326,erklären,9,A1,Grammar & Core Verbs
327,erlauben,9,A1,Grammar & Core Verbs
328,Erwachsene,9,A1,Family & Relationships
329,erzählen,9,A1,Grammar & Core Verbs
330,es,1,A1,Grammar & Core Verbs
331,essen,2,A1,Food & Drink
332,Essen,2,A1,Food & Drink
333,euer,4,A1,Grammar & Core Verbs
334,fahren,3,A1,Transportation
335,Fahrer,5,A1,Work & Careers
336,Fahrkarte,9,A1,Transportation
337,Fahrrad,8,A1,Transportation
338,falsch,5,A1,Grammar & Core Verbs
339,Familie,2,A1,Family & Relationships
340,Familienname,10,A1,Family & Relationships
341,Familienstand,10,A1,Family & Relationships
342,Farbe,2,A1,Grammar & Core Verbs
343,Fax,4,A1,"Language, Communication & Media"
344,Feierabend,9,A1,Work & Careers
345,Feiertag,9,A1,Time & Calendar
346,feiern,5,A1,Grammar & Core Verbs
347,fehlen,5,A1,Grammar & Core Verbs
348,Fehler,5,A1,Grammar & Core Verbs
349,fernsehen,9,A1,Grammar & Core Verbs
350,fertig,5,A1,Grammar & Core Verbs
351,Feuer,4,A1,Grammar & Core Verbs
352,Fieber,5,A1,Body & Health
353,Film,4,A1,Arts & Culture
354,finden,3,A1,Grammar & Core Verbs
355,Firma,8,A1,Work & Careers
356,Fisch,4,A1,"Nature, Weather & Animals"
357,Flasche,8,A1,Food & Drink
358,Fleisch,6,A1,Food & Drink
359,fliegen,6,A1,Transportation
360,abfliegen,9,A1,Grammar & Core Verbs
361,Abflug,8,A1,Transportation
362,Flughafen,9,A1,Transportation
363,Flugzeug,9,A1,Transportation
364,Formular,9,A1,"Language, Communication & Media"
365,Foto,4,A1,Grammar & Core Verbs
366,fragen,3,A1,Grammar & Core Verbs
367,Frage,2,A1,"Language, Communication & Media"
368,Frau,1,A1,Grammar & Core Verbs
369,frei,1,A1,Grammar & Core Verbs
370,Freizeit,9,A1,Sports & Leisure
371,fremd,8,A1,Grammar & Core Verbs
372,freuen,8,A1,Emotions & Personal Traits
373,Freund,3,A1,Family & Relationships
374,früher,5,A1,Time & Calendar
375,frühstücken,10,A1,Food & Drink
376,Frühstück,9,A1,Food & Drink
377,Führung,8,A1,Travel & Tourism
378,für,1,A1,Grammar & Core Verbs
379,Fuß,1,A1,Grammar & Core Verbs
380,Fußball,6,A1,Sports & Leisure
381,Garten,5,A1,Home & Living
382,Gast,4,A1,Grammar & Core Verbs
383,geben,1,A1,Grammar & Core Verbs
384,geboren,6,A1,Grammar & Core Verbs
385,Geburtsjahr,10,A1,Time & Calendar
386,Geburtsort,9,A1,Places & Geography
387,Geburtstag,9,A1,Time & Calendar
388,gefallen,7,A1,Grammar & Core Verbs
389,gegen,4,A1,Grammar & Core Verbs
390,gehen,1,A1,Grammar & Core Verbs
391,gehören,6,A1,Grammar & Core Verbs
392,Geld,1,A1,Shopping & Finance
393,Gemüse,8,A1,Food & Drink
394,Gepäck,8,A1,Travel & Tourism
395,gerade,5,A1,Grammar & Core Verbs
396,geradeaus,9,A1,Grammar & Core Verbs
397,gern,4,A1,Grammar & Core Verbs
398,Geschäft,7,A1,Shopping & Finance
399,Geschenk,7,A1,Grammar & Core Verbs
400,Geschwister,10,A1,Family & Relationships
401,Gespräch,9,A1,"Language, Communication & Media"
402,gestern,6,A1,Time & Calendar
403,gestorben,9,A1,Grammar & Core Verbs
404,Getränk,8,A1,Food & Drink
405,Gewicht,6,A1,Numbers & Quantities
406,gewinnen,7,A1,Sports & Leisure
407,Glas,1,A1,Food & Drink
408,glauben,6,A1,Grammar & Core Verbs
409,gleich,5,A1,Grammar & Core Verbs
410,Gleis,4,A1,Transportation
411,Glück,4,A1,Grammar & Core Verbs
412,glücklich,7,A1,Emotions & Personal Traits
413,Glückwunsch,10,A1,Grammar & Core Verbs
414,Grad,1,A1,Numbers & Quantities
415,gratulieren,10,A1,Grammar & Core Verbs
416,grillen,6,A1,Food & Drink
417,groß,1,A1,Grammar & Core Verbs
418,Größe,8,A1,Clothing & Appearance
419,Großeltern,9,A1,Family & Relationships
420,Großmutter,9,A1,Family & Relationships
421,Großvater,9,A1,Family & Relationships
422,Gruppe,8,A1,Grammar & Core Verbs
423,Gruß,4,A1,Grammar & Core Verbs
424,gültig,8,A1,Grammar & Core Verbs
425,günstig,8,A1,Shopping & Finance
426,gut,1,A1,Grammar & Core Verbs
427,Haar,1,A1,Body & Health
428,haben,1,A1,Grammar & Core Verbs
429,Hähnchen,9,A1,Food & Drink
430,Halbpension,10,A1,Travel & Tourism
431,Halle,4,A1,Grammar & Core Verbs
432,hallo,2,A1,Grammar & Core Verbs
433,halten,5,A1,Grammar & Core Verbs
434,Haltestelle,10,A1,Transportation
435,Hand,1,A1,Body & Health
436,Handy,8,A1,"Language, Communication & Media"
437,Haus,1,A1,Home & Living
438,Hausaufgabe,10,A1,Education & Learning
439,Hausfrau,9,A1,Work & Careers
440,Hausmann,9,A1,Work & Careers
441,Heimat,8,A1,Home & Living
442,heiraten,7,A1,Family & Relationships
443,heißen,5,A1,Grammar & Core Verbs
444,helfen,5,A1,Grammar & Core Verbs
445,hell,1,A1,Grammar & Core Verbs
446,Herd,8,A1,Home & Living
447,Herr,1,A1,Family & Relationships
448,herzlich,9,A1,Grammar & Core Verbs
449,heute,2,A1,Time & Calendar
450,hier,1,A1,Grammar & Core Verbs
451,Hilfe,8,A1,Grammar & Core Verbs
452,hinten,8,A1,Grammar & Core Verbs
453,Hobby,4,A1,Sports & Leisure
454,hoch,1,A1,Grammar & Core Verbs
455,Hochzeit,9,A1,Family & Relationships
456,holen,4,A1,Grammar & Core Verbs
457,hören,2,A1,Grammar & Core Verbs
458,Hotel,4,A1,Travel & Tourism
459,Hund,1,A1,"Nature, Weather & Animals"
460,Hunger,5,A1,Food & Drink
461,ich,1,A1,Grammar & Core Verbs
462,ihr,1,A1,Grammar & Core Verbs
463,ihm,1,A1,Grammar & Core Verbs
464,ihn,1,A1,Grammar & Core Verbs
465,immer,1,A1,Grammar & Core Verbs
466,in,1,A1,Grammar & Core Verbs
467,Information,10,A1,"Language, Communication & Media"
468,international,10,A1,"Society, Law & Politics"
469,Internet,7,A1,"Language, Communication & Media"
470,ja,1,A1,Grammar & Core Verbs
471,Jacke,4,A1,Clothing & Appearance
472,jed,4,A1,Grammar & Core Verbs
473,jetzt,2,A1,Grammar & Core Verbs
474,Job,4,A1,Work & Careers
475,Jugendliche,10,A1,Family & Relationships
476,jung,1,A1,Grammar & Core Verbs
477,Junge,2,A1,Family & Relationships
478,Kaffee,3,A1,Food & Drink
479,kaputt,5,A1,Grammar & Core Verbs
480,Karte,2,A1,Travel & Tourism
481,Kartoffel,7,A1,Food & Drink
482,Kasse,4,A1,Shopping & Finance
483,kaufen,3,A1,Shopping & Finance
484,kein,1,A1,Grammar & Core Verbs
485,kennen,3,A1,Grammar & Core Verbs
486,kennenlernen,10,A1,Grammar & Core Verbs
487,Kind,1,A1,Family & Relationships
488,Kindergarten,10,A1,Education & Learning
489,Kino,1,A1,Arts & Culture
490,Kiosk,8,A1,Grammar & Core Verbs
491,klar,1,A1,Grammar & Core Verbs
492,Klasse,5,A1,Education & Learning
493,Kleidung,9,A1,Clothing & Appearance
494,klein,2,A1,Grammar & Core Verbs
495,kochen,5,A1,Food & Drink
496,Koffer,8,A1,Travel & Tourism
497,Kollege,8,A1,Work & Careers
498,kommen,1,A1,Grammar & Core Verbs
499,können,3,A1,Grammar & Core Verbs
500,Konto,8,A1,Shopping & Finance
501,Kopf,1,A1,Body & Health
502,kosten,5,A1,Grammar & Core Verbs
503,krank,2,A1,Body & Health
504,kriegen,8,A1,Grammar & Core Verbs
505,Küche,2,A1,Home & Living
506,Kuchen,3,A1,Food & Drink
507,Kugelschreiber,10,A1,Education & Learning
508,Kühlschrank,10,A1,Home & Living
509,kulturell,9,A1,Arts & Culture
510,kümmern,8,A1,Grammar & Core Verbs
511,Kunde,4,A1,Shopping & Finance
512,Kurs,8,A1,Education & Learning
513,kurz,1,A1,Grammar & Core Verbs
514,lachen,5,A1,Emotions & Personal Traits
515,Laden,4,A1,Shopping & Finance
516,Land,1,A1,Places & Geography
517,lang,1,A1,Grammar & Core Verbs
518,lange,4,A1,Grammar & Core Verbs
519,langsam,6,A1,Grammar & Core Verbs
520,laufen,5,A1,Sports & Leisure
521,laut,1,A1,Grammar & Core Verbs
522,leben,2,A1,Grammar & Core Verbs
523,Leben,4,A1,Grammar & Core Verbs
524,Lebensmittel,10,A1,Food & Drink
525,ledig,4,A1,Family & Relationships
526,legen,4,A1,Grammar & Core Verbs
527,Lehrer,3,A1,Work & Careers
528,leicht,3,A1,Grammar & Core Verbs
529,leider,8,A1,Grammar & Core Verbs
530,leise,4,A1,Grammar & Core Verbs
531,lernen,3,A1,Education & Learning
532,lesen,2,A1,"Language, Communication & Media"
533,letzt,4,A1,Grammar & Core Verbs
534,Leute,2,A1,Grammar & Core Verbs
535,Licht,2,A1,Grammar & Core Verbs
536,lieb,1,A1,Grammar & Core Verbs
537,lieben,5,A1,Emotions & Personal Traits
538,lieber,5,A1,Grammar & Core Verbs
539,Lieblings-,9,A1,Grammar & Core Verbs
540,Lied,8,A1,Arts & Culture
541,liegen,5,A1,Grammar & Core Verbs
542,links,4,A1,Grammar & Core Verbs
543,Lkw,8,A1,"Language, Communication & Media"
544,Lokal,8,A1,Grammar & Core Verbs
545,Lösung,8,A1,"Language, Communication & Media"
546,lustig,8,A1,Grammar & Core Verbs
547,machen,1,A1,Grammar & Core Verbs
548,Mädchen,3,A1,Family & Relationships
549,man,1,A1,Grammar & Core Verbs
550,Mann,1,A1,Grammar & Core Verbs
551,männlich,9,A1,Grammar & Core Verbs
552,Maschine,9,A1,Technology & Devices
553,Meer,1,A1,"Nature, Weather & Animals"
554,mehr,1,A1,Grammar & Core Verbs
555,mein,1,A1,Grammar & Core Verbs
556,meist,4,A1,Grammar & Core Verbs
557,Mensch,3,A1,Grammar & Core Verbs
558,mieten,8,A1,Grammar & Core Verbs
559,Miete,8,A1,Home & Living
560,Milch,2,A1,Food & Drink
561,mit,1,A1,Grammar & Core Verbs
562,mitbringen,9,A1,Grammar & Core Verbs
563,mitkommen,9,A1,Grammar & Core Verbs
564,mitmachen,9,A1,Grammar & Core Verbs
565,mitnehmen,9,A1,Grammar & Core Verbs
566,Mitte,4,A1,Grammar & Core Verbs
567,Möbel,8,A1,Home & Living
568,möchten,3,A1,Grammar & Core Verbs
569,mögen,4,A1,Grammar & Core Verbs
570,möglich,8,A1,Grammar & Core Verbs
571,Moment,8,A1,Time & Calendar
572,morgen,3,A1,Time & Calendar
573,müde,4,A1,Grammar & Core Verbs
574,Mund,1,A1,Body & Health
575,müssen,3,A1,Grammar & Core Verbs
576,Mutter,3,A1,Family & Relationships
577,nach,1,A1,Grammar & Core Verbs
578,nächst,5,A1,Grammar & Core Verbs
579,Name,1,A1,Grammar & Core Verbs
580,nehmen,3,A1,Grammar & Core Verbs
581,nein,1,A1,Grammar & Core Verbs
582,neu,1,A1,Grammar & Core Verbs
583,nicht,1,A1,Grammar & Core Verbs
584,nichts,5,A1,Grammar & Core Verbs
585,nie,1,A1,Grammar & Core Verbs
586,noch,1,A1,Grammar & Core Verbs
587,normal,8,A1,Grammar & Core Verbs
588,Nummer,3,A1,Numbers & Quantities
589,nur,1,A1,Grammar & Core Verbs
590,oben,4,A1,Grammar & Core Verbs
591,Obst,1,A1,Food & Drink
592,oder,1,A1,Grammar & Core Verbs
593,öffnen,5,A1,Grammar & Core Verbs
594,geöffnet,7,A1,Grammar & Core Verbs
595,oft,1,A1,Grammar & Core Verbs
596,ohne,1,A1,Grammar & Core Verbs
597,Öl,1,A1,Food & Drink
598,Oma,1,A1,Family & Relationships
599,Opa,1,A1,Family & Relationships
600,Ordnung,8,A1,Grammar & Core Verbs
601,Ort,4,A1,Places & Geography
602,Papier,3,A1,Grammar & Core Verbs
603,Papiere,6,A1,Grammar & Core Verbs
604,Partner,8,A1,Family & Relationships
605,Partnerin,9,A1,Family & Relationships
606,Party,2,A1,Sports & Leisure
607,Pass,4,A1,Travel & Tourism
608,Pause,8,A1,Grammar & Core Verbs
609,Plan,1,A1,Grammar & Core Verbs
610,Platz,2,A1,Places & Geography
611,Polizei,6,A1,"Society, Law & Politics"
612,Pommes frites,6,A1,Food & Drink
613,Post,1,A1,"Language, Communication & Media"
614,Postleitzahl,10,A1,"Language, Communication & Media"
615,Praktikum,9,A1,Work & Careers
616,Praxis,8,A1,Grammar & Core Verbs
617,Preis,4,A1,Shopping & Finance
618,Problem,6,A1,Grammar & Core Verbs
619,Prospekt,9,A1,"Language, Communication & Media"
620,Prüfung,8,A1,"Language, Communication & Media"
621,pünktlich,9,A1,Time & Calendar
622,Rad fahren,9,A1,Transportation
623,rauchen,6,A1,Grammar & Core Verbs
624,Raum,8,A1,Grammar & Core Verbs
625,Rechnung,9,A1,Shopping & Finance
626,rechts,5,A1,Grammar & Core Verbs
627,regnen,5,A1,"Nature, Weather & Animals"
628,Regen,4,A1,"Nature, Weather & Animals"
629,Reis,1,A1,Food & Drink
630,reisen,5,A1,Travel & Tourism
631,Reise,4,A1,Travel & Tourism
632,Reisebüro,9,A1,Travel & Tourism
633,Reiseführer,10,A1,Travel & Tourism
634,reparieren,9,A1,Grammar & Core Verbs
635,Reparatur,9,A1,Grammar & Core Verbs
636,Restaurant,7,A1,Food & Drink
637,Rezeption,9,A1,Travel & Tourism
638,richtig,6,A1,"Language, Communication & Media"
639,riechen,6,A1,Food & Drink
640,ruhig,8,A1,Emotions & Personal Traits
641,Saft,1,A1,Food & Drink
642,sagen,1,A1,Grammar & Core Verbs
643,Salat,2,A1,Food & Drink
644,Salz,1,A1,Food & Drink
645,Satz,8,A1,"Language, Communication & Media"
646,S-Bahn,5,A1,Transportation
647,Schalter,9,A1,Grammar & Core Verbs
648,scheinen,7,A1,Grammar & Core Verbs
649,schicken,7,A1,Grammar & Core Verbs
650,Schild,8,A1,Grammar & Core Verbs
651,Schinken,9,A1,Food & Drink
652,schlafen,3,A1,Grammar & Core Verbs
653,schlecht,2,A1,Grammar & Core Verbs
654,schließen,7,A1,Grammar & Core Verbs
655,geschlossen,7,A1,Grammar & Core Verbs
656,Schluss,6,A1,Grammar & Core Verbs
657,Schlüssel,7,A1,Home & Living
658,schmecken,7,A1,Food & Drink
659,schnell,2,A1,Grammar & Core Verbs
660,schon,1,A1,Grammar & Core Verbs
661,schön,2,A1,Grammar & Core Verbs
662,Schrank,8,A1,Home & Living
663,schreiben,3,A1,"Language, Communication & Media"
664,Schuh,2,A1,Clothing & Appearance
665,Schule,3,A1,Education & Learning
666,Schüler,8,A1,Education & Learning
667,schwer,5,A1,Grammar & Core Verbs
668,Schwester,3,A1,Family & Relationships
669,schwimmen,7,A1,Sports & Leisure
670,Schwimmbad,9,A1,Sports & Leisure
671,See,1,A1,"Nature, Weather & Animals"
672,sehen,2,A1,Grammar & Core Verbs
673,Sehenswürdigkeit,10,A1,Travel & Tourism
674,sehr,1,A1,Grammar & Core Verbs
675,sein,1,A1,Grammar & Core Verbs
676,seit,8,A1,Grammar & Core Verbs
677,selbstständig,10,A1,Emotions & Personal Traits
678,sich,1,A1,Grammar & Core Verbs
679,sie,1,A1,Grammar & Core Verbs
680,Sie,1,A1,Grammar & Core Verbs
681,sitzen,8,A1,Grammar & Core Verbs
682,so,1,A1,Grammar & Core Verbs
683,Sofa,1,A1,Home & Living
684,sofort,8,A1,Time & Calendar
685,Sohn,1,A1,Family & Relationships
686,sollen,5,A1,Grammar & Core Verbs
687,Sonne,2,A1,"Nature, Weather & Animals"
688,spät,4,A1,Time & Calendar
689,später,5,A1,Grammar & Core Verbs
690,Speisekarte,10,A1,Food & Drink
691,spielen,2,A1,Sports & Leisure
692,Sport,2,A1,Education & Learning
693,Sprache,8,A1,"Language, Communication & Media"
694,sprechen,3,A1,Grammar & Core Verbs
695,Stadt,2,A1,Places & Geography
696,stehen,5,A1,Grammar & Core Verbs
697,Stelle,8,A1,Work & Careers
698,stellen,8,A1,Grammar & Core Verbs
699,Stock,4,A1,Grammar & Core Verbs
700,Straße,3,A1,Transportation
701,Straßenbahn,10,A1,Transportation
702,studieren,9,A1,Education & Learning
703,Studium,8,A1,Education & Learning
704,Student,8,A1,Education & Learning
705,Stunde,3,A1,Time & Calendar
706,suchen,3,A1,Grammar & Core Verbs
707,tanzen,5,A1,Sports & Leisure
708,Tasche,3,A1,Clothing & Appearance
709,Taxi,1,A1,Transportation
710,Tee,1,A1,Food & Drink
711,Teil,4,A1,"Language, Communication & Media"
712,telefonieren,10,A1,"Language, Communication & Media"
713,Telefon,6,A1,"Language, Communication & Media"
714,Termin,8,A1,Time & Calendar
715,Test,1,A1,"Language, Communication & Media"
716,teuer,4,A1,Shopping & Finance
717,Text,4,A1,"Language, Communication & Media"
718,Thema,8,A1,Grammar & Core Verbs
719,Ticket,5,A1,Travel & Tourism
720,Tisch,2,A1,Home & Living
721,Tochter,2,A1,Family & Relationships
722,Toilette,3,A1,Grammar & Core Verbs
723,Tomate,3,A1,Food & Drink
724,tot,4,A1,Grammar & Core Verbs
725,treffen,6,A1,Grammar & Core Verbs
726,Treppe,5,A1,Home & Living
727,trinken,2,A1,Food & Drink
728,tschüss,2,A1,Grammar & Core Verbs
729,tun,1,A1,Grammar & Core Verbs
730,über,1,A1,Grammar & Core Verbs
731,übernachten,10,A1,Grammar & Core Verbs
732,überweisen,9,A1,Grammar & Core Verbs
733,Uhr,1,A1,Time & Calendar
734,um,1,A1,Grammar & Core Verbs
735,umziehen,9,A1,Home & Living
736,und,1,A1,Grammar & Core Verbs
737,unser,4,A1,Grammar & Core Verbs
738,unten,4,A1,Grammar & Core Verbs
739,unter,2,A1,Grammar & Core Verbs
740,Unterricht,9,A1,Education & Learning
741,unterschreiben,10,A1,Grammar & Core Verbs
742,Unterschrift,10,A1,"Society, Law & Politics"
743,Urlaub,8,A1,Travel & Tourism
744,Vater,2,A1,Family & Relationships
745,verboten,9,A1,"Society, Law & Politics"
746,verdienen,9,A1,Work & Careers
747,Verein,8,A1,"Society, Law & Politics"
748,verheiratet,10,A1,Family & Relationships
749,verkaufen,7,A1,Shopping & Finance
750,Verkäufer,9,A1,Work & Careers
751,vermieten,9,A1,Grammar & Core Verbs
752,Vermieter,9,A1,Home & Living
753,verstehen,9,A1,Grammar & Core Verbs
754,Verwandte,9,A1,Family & Relationships
755,viel,1,A1,Grammar & Core Verbs
756,vielleicht,7,A1,Grammar & Core Verbs
757,von,1,A1,Grammar & Core Verbs
758,vor,1,A1,Grammar & Core Verbs
759,Vorname,8,A1,Grammar & Core Verbs
760,Vorsicht,9,A1,Grammar & Core Verbs
761,vorstellen,9,A1,Grammar & Core Verbs
762,Vorwahl,8,A1,"Language, Communication & Media"
763,wandern,6,A1,Sports & Leisure
764,wann,1,A1,Grammar & Core Verbs
765,warten,5,A1,Grammar & Core Verbs
766,warum,2,A1,Grammar & Core Verbs
767,was,1,A1,Grammar & Core Verbs
768,was für ein,5,A1,Grammar & Core Verbs
769,waschen,6,A1,Home & Living
770,Wasser,3,A1,Food & Drink
771,weh tun,5,A1,Grammar & Core Verbs
772,weiblich,9,A1,Grammar & Core Verbs
773,Wein,1,A1,Food & Drink
774,weit,4,A1,Grammar & Core Verbs
775,weiter,5,A1,Grammar & Core Verbs
776,welch,4,A1,Grammar & Core Verbs
777,Welt,1,A1,Grammar & Core Verbs
778,wenig,4,A1,Grammar & Core Verbs
779,wer,1,A1,Grammar & Core Verbs
780,werden,5,A1,Grammar & Core Verbs
781,Wetter,3,A1,"Nature, Weather & Animals"
782,wichtig,8,A1,Grammar & Core Verbs
783,wie,1,A1,Grammar & Core Verbs
784,wiederholen,10,A1,Education & Learning
785,Wiederhören,10,A1,Grammar & Core Verbs
786,Wiedersehen,10,A1,Grammar & Core Verbs
787,wie viel,6,A1,Grammar & Core Verbs
788,willkommen,9,A1,Grammar & Core Verbs
789,Wind,1,A1,"Nature, Weather & Animals"
790,wir,1,A1,Grammar & Core Verbs
791,wissen,5,A1,Grammar & Core Verbs
792,wo,1,A1,Grammar & Core Verbs
793,woher,4,A1,Grammar & Core Verbs
794,wohin,4,A1,Grammar & Core Verbs
795,wohnen,3,A1,Home & Living
796,Wohnung,8,A1,Home & Living
797,wollen,3,A1,Grammar & Core Verbs
798,Wort,1,A1,"Language, Communication & Media"
799,wunderbar,7,A1,Grammar & Core Verbs
800,zahlen,5,A1,Shopping & Finance
801,Zeit,1,A1,Time & Calendar
802,zurzeit,6,A1,Time & Calendar
803,Zeitung,8,A1,"Language, Communication & Media"
804,Zigarette,7,A1,Body & Health
805,Zimmer,3,A1,Home & Living
806,Zoll,8,A1,Transportation
807,zu,1,A1,Grammar & Core Verbs
808,zufrieden,9,A1,Emotions & Personal Traits
809,Zug,1,A1,Transportation
810,zurück,5,A1,Grammar & Core Verbs
811,zusammen,7,A1,Grammar & Core Verbs
812,zwischen,7,A1,Grammar & Core Verbs
1,Abkürzung,7,A2,"Language, Communication & Media"
2,ca.,1,A2,"Language, Communication & Media"
3,d.h.,1,A2,"Language, Communication & Media"
4,ICE,4,A2,"Language, Communication & Media"
5,Lkw,4,A2,"Language, Communication & Media"
6,PC,1,A2,"Language, Communication & Media"
7,SMS,1,A2,"Language, Communication & Media"
8,usw.,1,A2,"Language, Communication & Media"
9,WC,1,A2,"Language, Communication & Media"
10,z.B.,1,A2,"Language, Communication & Media"
11,Anweisungssprache,10,A2,"Language, Communication & Media"
12,Antwortbogen,10,A2,"Language, Communication & Media"
13,Aufgabe,6,A2,"Language, Communication & Media"
14,Beispiel,3,A2,"Language, Communication & Media"
15,Durchsage,9,A2,"Language, Communication & Media"
16,Lösung,5,A2,"Language, Communication & Media"
17,markieren,7,A2,"Language, Communication & Media"
18,Prüfer,5,A2,"Language, Communication & Media"
19,Prüferin,6,A2,"Language, Communication & Media"
20,Prüfung,6,A2,"Language, Communication & Media"
21,Punkt,2,A2,"Language, Communication & Media"
22,Teil,1,A2,"Language, Communication & Media"
23,Test,1,A2,"Language, Communication & Media"
24,Text,1,A2,"Language, Communication & Media"
25,Wörterbuch,10,A2,"Language, Communication & Media"
26,Beruf,5,A2,Work & Careers
27,Angestellte,10,A2,Work & Careers
28,Arzt,4,A2,Work & Careers
29,Ärztin,5,A2,Work & Careers
30,Auszubildende,10,A2,Work & Careers
31,Autor,5,A2,Work & Careers
32,Autorin,6,A2,Work & Careers
33,Babysitter,7,A2,Work & Careers
34,Bäcker,5,A2,Work & Careers
35,Bäckerin,6,A2,Work & Careers
36,Doktor,3,A2,Work & Careers
37,Doktorin,6,A2,Work & Careers
38,Fahrer,5,A2,Work & Careers
39,Fahrerin,6,A2,Work & Careers
40,Friseur,6,A2,Work & Careers
41,Friseurin,7,A2,Work & Careers
42,Handwerker,10,A2,Work & Careers
43,Handwerkerin,10,A2,Work & Careers
44,Hausmann,6,A2,Work & Careers
45,Hausfrau,6,A2,Work & Careers
46,Journalist,10,A2,Work & Careers
47,Journalistin,10,A2,Work & Careers
48,Kaufmann,9,A2,Work & Careers
49,Kauffrau,9,A2,Work & Careers
50,Kellner,6,A2,Work & Careers
51,Kellnerin,7,A2,Work & Careers
52,Koch,1,A2,Work & Careers
53,Köchin,5,A2,Work & Careers
54,Krankenpfleger,10,A2,Work & Careers
55,Krankenschwester,10,A2,Work & Careers
56,Künstler,6,A2,Work & Careers
57,Künstlerin,7,A2,Work & Careers
58,Lehrer,3,A2,Work & Careers
59,Lehrerin,3,A2,Work & Careers
60,Mechaniker,7,A2,Work & Careers
61,Mechanikerin,7,A2,Work & Careers
62,Model,2,A2,Work & Careers
63,Musiker,6,A2,Work & Careers
64,Musikerin,7,A2,Work & Careers
65,Polizist,6,A2,Work & Careers
66,Polizistin,7,A2,Work & Careers
67,Rentner,6,A2,Work & Careers
68,Rentnerin,7,A2,Work & Careers
69,Sänger,5,A2,Work & Careers
70,Sängerin,6,A2,Work & Careers
71,Schauspieler,10,A2,Work & Careers
72,Schauspielerin,10,A2,Work & Careers
73,Techniker,7,A2,Work & Careers
74,Technikerin,7,A2,Work & Careers
75,Verkäufer,7,A2,Work & Careers
76,Verkäuferin,7,A2,Work & Careers
77,Familienmitglied,10,A2,Family & Relationships
78,Bruder,1,A2,Family & Relationships
79,Cousin,5,A2,Family & Relationships
80,Cousine,6,A2,Family & Relationships
81,Eltern,1,A2,Family & Relationships
82,Enkel,5,A2,Family & Relationships
83,Enkelin,6,A2,Family & Relationships
84,Geschwister,7,A2,Family & Relationships
85,Großeltern,10,A2,Family & Relationships
86,Großmutter,7,A2,Family & Relationships
87,Oma,1,A2,Family & Relationships
88,Großvater,7,A2,Family & Relationships
89,Opa,1,A2,Family & Relationships
90,Kind,1,A2,Family & Relationships
91,Mutter,1,A2,Family & Relationships
92,Mama,1,A2,Family & Relationships
93,Onkel,2,A2,Family & Relationships
94,Schwester,3,A2,Family & Relationships
95,Sohn,1,A2,Family & Relationships
96,Tante,2,A2,Family & Relationships
97,Tochter,3,A2,Family & Relationships
98,Vater,2,A2,Family & Relationships
99,Papa,1,A2,Family & Relationships
100,Verwandte,7,A2,Family & Relationships
101,Familienstand,10,A2,Family & Relationships
102,ledig,5,A2,Family & Relationships
103,verheiratet,7,A2,Family & Relationships
104,getrennt,6,A2,Family & Relationships
105,geschieden,10,A2,Family & Relationships
106,Farbe,2,A2,Grammar & Core Verbs
107,blau,1,A2,Grammar & Core Verbs
108,braun,2,A2,Grammar & Core Verbs
109,gelb,1,A2,Grammar & Core Verbs
110,grau,1,A2,Grammar & Core Verbs
111,grün,1,A2,Grammar & Core Verbs
112,lila,4,A2,Grammar & Core Verbs
113,orange,3,A2,Grammar & Core Verbs
114,rosa,1,A2,Grammar & Core Verbs
115,rot,1,A2,Grammar & Core Verbs
116,schwarz,2,A2,Grammar & Core Verbs
117,weiß,1,A2,Grammar & Core Verbs
118,Himmelsrichtung,10,A2,Places & Geography
119,Norden,5,A2,Places & Geography
120,Süden,5,A2,Places & Geography
121,Osten,5,A2,Places & Geography
122,Westen,5,A2,Places & Geography
123,Land,1,A2,Places & Geography
124,Nationalität,10,A2,Places & Geography
125,Deutschland,2,A2,Places & Geography
126,Deutsche,3,A2,Places & Geography
127,deutsch,3,A2,Places & Geography
128,Österreich,7,A2,Places & Geography
129,Österreicher,10,A2,Places & Geography
130,Österreicherin,10,A2,Places & Geography
131,österreichisch,10,A2,Places & Geography
132,Schweiz,6,A2,Places & Geography
133,Schweizer,7,A2,Places & Geography
134,Schweizerin,7,A2,Places & Geography
135,schweizerisch,10,A2,Places & Geography
136,Luxemburg,7,A2,Places & Geography
137,Luxemburger,10,A2,Places & Geography
138,Luxemburgerin,10,A2,Places & Geography
139,luxemburgisch,10,A2,Places & Geography
140,Europa,3,A2,Places & Geography
141,Europäer,6,A2,Places & Geography
142,Europäerin,7,A2,Places & Geography
143,europäisch,7,A2,Places & Geography
144,Währung,8,A2,Shopping & Finance
145,Maß,4,A2,Numbers & Quantities
146,Euro,1,A2,Shopping & Finance
147,Cent,1,A2,Shopping & Finance
148,Franken,6,A2,Shopping & Finance
149,Rappen,8,A2,Shopping & Finance
150,Meter,2,A2,Numbers & Quantities
151,Zentimeter,7,A2,Numbers & Quantities
152,Kilometer,7,A2,Numbers & Quantities
153,Prozent,6,A2,Numbers & Quantities
154,Liter,5,A2,Numbers & Quantities
155,Gramm,5,A2,Numbers & Quantities
156,Kilogramm,7,A2,Numbers & Quantities
157,Grad,4,A2,Numbers & Quantities
158,Schule,1,A2,Education & Learning
159,Schulfach,9,A2,Education & Learning
160,Abitur,8,A2,Education & Learning
161,Direktor,6,A2,Education & Learning
162,Hausaufgabe,10,A2,Education & Learning
163,Klasse,3,A2,Education & Learning
164,Klassenfahrt,10,A2,Education & Learning
165,Sekretariat,10,A2,Education & Learning
166,Stundenplan,10,A2,Education & Learning
167,Biologie,6,A2,Education & Learning
168,Chemie,5,A2,Education & Learning
169,Deutsch,3,A2,Education & Learning
170,Englisch,3,A2,Education & Learning
171,Französisch,7,A2,Education & Learning
172,Geografie,7,A2,Education & Learning
173,Geschichte,7,A2,Education & Learning
174,Kunst,2,A2,Education & Learning
175,Latein,8,A2,Education & Learning
176,Mathematik,7,A2,Education & Learning
177,Musik,2,A2,Education & Learning
178,Physik,5,A2,Education & Learning
179,Religion,6,A2,Education & Learning
180,Sozialkunde,10,A2,Education & Learning
181,Sport,2,A2,Education & Learning
182,Feiertag,6,A2,Time & Calendar
183,Karneval,6,A2,Time & Calendar
184,Ostern,5,A2,Time & Calendar
185,Weihnachten,7,A2,Time & Calendar
186,Neujahr,6,A2,Time & Calendar
187,Silvester,7,A2,Time & Calendar
188,Jahreszeit,10,A2,Time & Calendar
189,Frühling,6,A2,Time & Calendar
190,Frühjahr,6,A2,Time & Calendar
191,Sommer,1,A2,Time & Calendar
192,Herbst,5,A2,Time & Calendar
193,Winter,1,A2,Time & Calendar
194,Monat,5,A2,Time & Calendar
195,Januar,5,A2,Time & Calendar
196,Februar,8,A2,Time & Calendar
197,März,1,A2,Time & Calendar
198,April,2,A2,Time & Calendar
199,Mai,1,A2,Time & Calendar
200,Juni,1,A2,Time & Calendar
201,Juli,1,A2,Time & Calendar
202,August,3,A2,Time & Calendar
203,September,7,A2,Time & Calendar
204,Oktober,6,A2,Time & Calendar
205,November,6,A2,Time & Calendar
206,Dezember,9,A2,Time & Calendar
207,Tageszeit,9,A2,Time & Calendar
208,Tag,1,A2,Numbers & Quantities
209,Morgen,1,A2,Time & Calendar
210,Vormittag,9,A2,Time & Calendar
211,Mittag,5,A2,Time & Calendar
212,Nachmittag,10,A2,Time & Calendar
213,Abend,1,A2,Time & Calendar
214,Nacht,1,A2,Time & Calendar
215,Mitternacht,10,A2,Time & Calendar
216,täglich,6,A2,Time & Calendar
217,tagsüber,6,A2,Time & Calendar
218,morgens,6,A2,Time & Calendar
219,vormittags,10,A2,Time & Calendar
220,mittags,6,A2,Time & Calendar
221,nachmittags,10,A2,Time & Calendar
222,abends,5,A2,Time & Calendar
223,nachts,5,A2,Time & Calendar
224,Zahlen,3,A2,Numbers & Quantities
225,eins,1,A2,Numbers & Quantities
226,zwei,1,A2,Numbers & Quantities
227,drei,1,A2,Numbers & Quantities
228,vier,1,A2,Numbers & Quantities
229,fünf,1,A2,Numbers & Quantities
230,sechs,2,A2,Numbers & Quantities
231,sieben,3,A2,Numbers & Quantities
232,acht,1,A2,Numbers & Quantities
233,neun,1,A2,Numbers & Quantities
234,zehn,1,A2,Numbers & Quantities
235,elf,1,A2,Numbers & Quantities
236,zwölf,2,A2,Numbers & Quantities
237,dreizehn,6,A2,Numbers & Quantities
238,vierzehn,6,A2,Numbers & Quantities
239,fünfzehn,6,A2,Numbers & Quantities
240,sechzehn,6,A2,Numbers & Quantities
241,siebzehn,6,A2,Numbers & Quantities
242,achtzehn,6,A2,Numbers & Quantities
243,neunzehn,6,A2,Numbers & Quantities
244,zwanzig,6,A2,Numbers & Quantities
245,einundzwanzig,10,A2,Numbers & Quantities
246,dreißig,6,A2,Numbers & Quantities
247,vierzig,6,A2,Numbers & Quantities
248,fünfzig,6,A2,Numbers & Quantities
249,sechzig,6,A2,Numbers & Quantities
250,siebzig,6,A2,Numbers & Quantities
251,achtzig,6,A2,Numbers & Quantities
252,neunzig,6,A2,Numbers & Quantities
253,hundert,6,A2,Numbers & Quantities
254,hunderteins,10,A2,Numbers & Quantities
255,zweihundert,10,A2,Numbers & Quantities
256,tausend,6,A2,Numbers & Quantities
257,zweitausendeins,10,A2,Numbers & Quantities
258,Million,8,A2,Numbers & Quantities
259,erste,5,A2,Numbers & Quantities
260,zweite,5,A2,Numbers & Quantities
261,dritte,5,A2,Numbers & Quantities
262,vierte,5,A2,Numbers & Quantities
263,erstens,8,A2,Numbers & Quantities
264,zweitens,9,A2,Numbers & Quantities
265,drittens,9,A2,Numbers & Quantities
266,viertens,9,A2,Numbers & Quantities
267,einmal,1,A2,Numbers & Quantities
268,zweimal,6,A2,Numbers & Quantities
269,dreimal,6,A2,Numbers & Quantities
270,viermal,6,A2,Numbers & Quantities
271,Uhrzeit,6,A2,Time & Calendar
272,Sekunde,6,A2,Time & Calendar
273,Minute,1,A2,Time & Calendar
274,Stunde,1,A2,Time & Calendar
275,Wochentag,7,A2,Time & Calendar
276,Wochenende,7,A2,Time & Calendar
277,Montag,5,A2,Time & Calendar
278,Dienstag,9,A2,Time & Calendar
279,Mittwoch,6,A2,Time & Calendar
280,Donnerstag,10,A2,Time & Calendar
281,Freitag,6,A2,Time & Calendar
282,Samstag,6,A2,Time & Calendar
283,Sonntag,6,A2,Time & Calendar
284,montags,6,A2,Time & Calendar
285,dienstags,9,A2,Time & Calendar
286,mittwochs,7,A2,Time & Calendar
287,donnerstags,10,A2,Time & Calendar
288,freitags,6,A2,Time & Calendar
289,samstags,6,A2,Time & Calendar
290,sonntags,6,A2,Time & Calendar
291,Arbeitstag,10,A2,Time & Calendar
292,Werktag,6,A2,Time & Calendar
293,Zeitmaß,6,A2,Numbers & Quantities
294,Woche,1,A2,Numbers & Quantities
295,Jahr,1,A2,Numbers & Quantities
296,Angebot,6,A2,Shopping & Finance
297,ändern,5,A2,Grammar & Core Verbs
298,anders,5,A2,Grammar & Core Verbs
299,anfangen,6,A2,Grammar & Core Verbs
300,Anfang,3,A2,Time & Calendar
301,Angst,2,A2,Emotions & Personal Traits
302,ankommen,3,A2,Transportation
303,anmachen,6,A2,Technology & Devices
304,anmelden,9,A2,Grammar & Core Verbs
305,Anmeldung,9,A2,"Language, Communication & Media"
306,anrufen,3,A2,"Language, Communication & Media"
307,Anruf,2,A2,"Language, Communication & Media"
308,ansehen,8,A2,Grammar & Core Verbs
309,antworten,3,A2,Grammar & Core Verbs
310,Anzeige,8,A2,"Language, Communication & Media"
311,abgeben,8,A2,Grammar & Core Verbs
312,abholen,8,A2,Grammar & Core Verbs
313,abschließen,10,A2,Grammar & Core Verbs
314,Adresse,6,A2,"Language, Communication & Media"
315,aktiv,5,A2,Sports & Leisure
316,als,1,A2,Grammar & Core Verbs
317,alt,1,A2,Grammar & Core Verbs
318,Alter,5,A2,Grammar & Core Verbs
319,an,1,A2,Grammar & Core Verbs
320,anbieten,9,A2,Grammar & Core Verbs
321,aus,1,A2,Grammar & Core Verbs
322,Ausbildung,10,A2,Work & Careers
323,Ausflug,8,A2,Sports & Leisure
324,ausfüllen,9,A2,Grammar & Core Verbs
325,Ausgang,8,A2,Grammar & Core Verbs
326,ausgehen,6,A2,Grammar & Core Verbs
327,Auskunft,9,A2,"Language, Communication & Media"
328,Ausland,8,A2,Travel & Tourism
329,auspacken,9,A2,Grammar & Core Verbs
330,ausruhen,9,A2,Grammar & Core Verbs
331,aussehen,3,A2,Grammar & Core Verbs
332,außer,8,A2,Grammar & Core Verbs
333,aussprechen,10,A2,Grammar & Core Verbs
334,aussteigen,10,A2,Transportation
335,Ausstellung,10,A2,Arts & Culture
336,Ausweis,8,A2,"Society, Law & Politics"
337,Auto,1,A2,Transportation
338,arbeiten,3,A2,Work & Careers
339,Arbeit,1,A2,Work & Careers
340,ärgern,8,A2,Emotions & Personal Traits
341,auch,1,A2,Grammar & Core Verbs
342,auf,1,A2,Grammar & Core Verbs
343,auf,1,A2,Grammar & Core Verbs
344,aufhören,9,A2,Grammar & Core Verbs
345,aufmachen,7,A2,Grammar & Core Verbs
346,aufpassen,9,A2,Grammar & Core Verbs
347,aufräumen,9,A2,Home & Living
348,aufregend,9,A2,Grammar & Core Verbs
349,aufstehen,9,A2,Grammar & Core Verbs
350,Aufzug,8,A2,Home & Living
351,Auge,1,A2,Body & Health
352,beenden,8,A2,Grammar & Core Verbs
353,beginnen,6,A2,Grammar & Core Verbs
354,begründen,9,A2,Grammar & Core Verbs
355,bei,1,A2,Grammar & Core Verbs
356,beide,5,A2,Grammar & Core Verbs
357,Bein,4,A2,Body & Health
358,bekannt,6,A2,Grammar & Core Verbs
359,bekommen,6,A2,Grammar & Core Verbs
360,bequem,8,A2,Grammar & Core Verbs
361,beraten,8,A2,Grammar & Core Verbs
362,Berg,1,A2,"Nature, Weather & Animals"
363,berichten,9,A2,Grammar & Core Verbs
364,Beruf,5,A2,Work & Careers
365,beschreiben,10,A2,Grammar & Core Verbs
366,beschweren,10,A2,Grammar & Core Verbs
367,Baby,1,A2,"Language, Communication & Media"
368,backen,8,A2,Food & Drink
369,Bäckerei,9,A2,Food & Drink
370,baden,5,A2,Grammar & Core Verbs
371,Bahn,1,A2,Transportation
372,Bahnhof,8,A2,Transportation
373,Balkon,5,A2,Home & Living
374,Bank,4,A2,Shopping & Finance
375,Bank,4,A2,Shopping & Finance
376,Bauch,5,A2,Body & Health
377,Baum,4,A2,"Nature, Weather & Animals"
378,Baustelle,9,A2,Work & Careers
379,bedanken,9,A2,Grammar & Core Verbs
380,bedeuten,9,A2,Grammar & Core Verbs
381,beeilen,8,A2,Grammar & Core Verbs
382,bleiben,2,A2,Grammar & Core Verbs
383,Bleistift,9,A2,Education & Learning
384,braten,5,A2,Food & Drink
385,brauchen,3,A2,Grammar & Core Verbs
386,Brief,2,A2,"Language, Communication & Media"
387,bringen,2,A2,Grammar & Core Verbs
388,Brot,1,A2,Food & Drink
389,Brötchen,3,A2,Food & Drink
390,Buch,1,A2,Grammar & Core Verbs
391,buchen,8,A2,Travel & Tourism
392,Buchstabe,9,A2,Education & Learning
393,bunt,4,A2,Grammar & Core Verbs
394,Büro,1,A2,Work & Careers
395,Bus,1,A2,Transportation
396,besonders,7,A2,Grammar & Core Verbs
397,bestätigen,10,A2,Grammar & Core Verbs
398,bestehen,9,A2,Grammar & Core Verbs
399,bestellen,3,A2,Food & Drink
400,Besuch,3,A2,Grammar & Core Verbs
401,besuchen,3,A2,Grammar & Core Verbs
402,Bett,1,A2,Home & Living
403,bewölkt,8,A2,"Nature, Weather & Animals"
404,Wolke,5,A2,"Nature, Weather & Animals"
405,bezahlen,6,A2,Shopping & Finance
406,Bibliothek,10,A2,Education & Learning
407,Birne,8,A2,Food & Drink
408,bisschen,3,A2,Grammar & Core Verbs
409,bitte,2,A2,Grammar & Core Verbs
410,Bitte,5,A2,Grammar & Core Verbs
411,Datum,2,A2,Numbers & Quantities
412,dauern,3,A2,Grammar & Core Verbs
413,denken,3,A2,Grammar & Core Verbs
414,deshalb,6,A2,Grammar & Core Verbs
415,deutlich,6,A2,Grammar & Core Verbs
416,dick,1,A2,Grammar & Core Verbs
417,Ding,1,A2,Grammar & Core Verbs
418,direkt,5,A2,Grammar & Core Verbs
419,Disco,5,A2,Sports & Leisure
420,diskutieren,10,A2,Grammar & Core Verbs
421,Doppelzimmer,10,A2,Grammar & Core Verbs
422,Dorf,4,A2,Places & Geography
423,draußen,6,A2,Grammar & Core Verbs
424,dringend,6,A2,Grammar & Core Verbs
425,drinnen,6,A2,Grammar & Core Verbs
426,drüben,8,A2,Grammar & Core Verbs
427,Café,1,A2,Food & Drink
428,Cafeteria,7,A2,Grammar & Core Verbs
429,chatten,8,A2,"Language, Communication & Media"
430,Chef,4,A2,Work & Careers
431,Chefin,5,A2,Work & Careers
432,Club,4,A2,Sports & Leisure
433,Computer,3,A2,Technology & Devices
434,da,1,A2,Grammar & Core Verbs
435,dafür,5,A2,Grammar & Core Verbs
436,dagegen,6,A2,Grammar & Core Verbs
437,damals,5,A2,Time & Calendar
438,Dame,4,A2,Family & Relationships
439,daneben,8,A2,Grammar & Core Verbs
440,Dank,4,A2,Grammar & Core Verbs
441,danken,5,A2,Grammar & Core Verbs
442,Datei,5,A2,Technology & Devices
443,Einkaufs-,7,A2,Shopping & Finance
444,einladen,9,A2,Grammar & Core Verbs
445,Einladung,9,A2,Grammar & Core Verbs
446,einpacken,9,A2,Grammar & Core Verbs
447,einsteigen,10,A2,Transportation
448,eintragen,9,A2,Grammar & Core Verbs
449,Eintritt,9,A2,Grammar & Core Verbs
450,einverstanden,10,A2,Grammar & Core Verbs
451,sein,1,A2,Grammar & Core Verbs
452,einzel-,6,A2,Grammar & Core Verbs
453,einziehen,9,A2,Home & Living
454,Eis,1,A2,"Nature, Weather & Animals"
455,empfehlen,9,A2,Grammar & Core Verbs
456,Ende,1,A2,Time & Calendar
457,enden,5,A2,Grammar & Core Verbs
458,endlich,6,A2,Grammar & Core Verbs
459,eng,4,A2,Grammar & Core Verbs
460,entschuldigen,10,A2,Emotions & Personal Traits
461,Ich,1,A2,Grammar & Core Verbs
462,Entschuldi-,10,A2,Grammar & Core Verbs
463,Drucker,6,A2,Technology & Devices
464,dunkel,5,A2,Grammar & Core Verbs
465,dünn,4,A2,Grammar & Core Verbs
466,durch,2,A2,Grammar & Core Verbs
467,dürfen,3,A2,Grammar & Core Verbs
468,Durst,5,A2,Food & Drink
469,E-Book,5,A2,Technology & Devices
470,echt,4,A2,Grammar & Core Verbs
471,Ecke,4,A2,Places & Geography
472,egal,4,A2,Grammar & Core Verbs
473,Ehefrau,6,A2,Family & Relationships
474,Ehemann,6,A2,Family & Relationships
475,Ei,1,A2,Food & Drink
476,eilig,5,A2,Grammar & Core Verbs
477,Eingang,6,A2,Grammar & Core Verbs
478,einkaufen,7,A2,Shopping & Finance
479,falsch,3,A2,Grammar & Core Verbs
480,Familie,3,A2,Family & Relationships
481,Familien-,7,A2,Family & Relationships
482,Fan,4,A2,Sports & Leisure
483,fantastisch,10,A2,Grammar & Core Verbs
484,Farbe,2,A2,Grammar & Core Verbs
485,fast,4,A2,Grammar & Core Verbs
486,faul,4,A2,Emotions & Personal Traits
487,fehlen,8,A2,Grammar & Core Verbs
488,Fehler,3,A2,Grammar & Core Verbs
489,feiern,3,A2,Grammar & Core Verbs
490,Fenster,3,A2,Home & Living
491,fernsehen,9,A2,Grammar & Core Verbs
492,Fernseher,7,A2,"Language, Communication & Media"
493,Fest,1,A2,Sports & Leisure
494,Festival,9,A2,Sports & Leisure
495,Firma,5,A2,Work & Careers
496,Erfahrung,9,A2,Grammar & Core Verbs
497,erklären,9,A2,Grammar & Core Verbs
498,erlauben,9,A2,Grammar & Core Verbs
499,Erlaubnis,9,A2,"Society, Law & Politics"
500,erreichen,9,A2,Grammar & Core Verbs
501,erst,4,A2,Grammar & Core Verbs
502,Erwachsene,10,A2,Family & Relationships
503,erzählen,9,A2,Grammar & Core Verbs
504,essen,2,A2,Food & Drink
505,Essen,2,A2,Food & Drink
506,etwas,2,A2,Grammar & Core Verbs
507,Fach,4,A2,Education & Learning
508,Abfahrt,8,A2,Transportation
509,Fahrplan,9,A2,Transportation
510,früher,3,A2,Time & Calendar
511,Frühstück,3,A2,Food & Drink
512,fühlen,3,A2,Grammar & Core Verbs
513,Führerschein,10,A2,Transportation
514,Führung,8,A2,Travel & Tourism
515,für,1,A2,Grammar & Core Verbs
516,furchtbar,9,A2,Grammar & Core Verbs
517,Fuß,1,A2,Grammar & Core Verbs
518,Fußball,3,A2,Sports & Leisure
519,Gabel,2,A2,Food & Drink
520,Garage,3,A2,Transportation
521,geboren,2,A2,Grammar & Core Verbs
522,gefallen,3,A2,Grammar & Core Verbs
523,gegen,2,A2,Grammar & Core Verbs
524,Fleisch,3,A2,Food & Drink
525,Flohmarkt,9,A2,Shopping & Finance
526,Flug,4,A2,Transportation
527,Flughafen,9,A2,Transportation
528,Fluss,2,A2,"Nature, Weather & Animals"
529,Foto,1,A2,Grammar & Core Verbs
530,Frau,1,A2,Grammar & Core Verbs
531,freiwillig,10,A2,Grammar & Core Verbs
532,freuen,3,A2,Emotions & Personal Traits
533,Freund,3,A2,Family & Relationships
534,Freundin,3,A2,Family & Relationships
535,freundlich,3,A2,Emotions & Personal Traits
536,frisch,3,A2,Grammar & Core Verbs
537,früh,1,A2,Time & Calendar
538,gewinnen,9,A2,Sports & Leisure
539,Gewitter,9,A2,"Nature, Weather & Animals"
540,glauben,2,A2,Grammar & Core Verbs
541,gleich,3,A2,Grammar & Core Verbs
542,Gleis,8,A2,Transportation
543,glücklich,2,A2,Emotions & Personal Traits
544,Glück-,5,A2,Grammar & Core Verbs
545,gratulieren,10,A2,Grammar & Core Verbs
546,grillen,8,A2,Food & Drink
547,Grippe,5,A2,Body & Health
548,groß,1,A2,Grammar & Core Verbs
549,Größe,2,A2,Clothing & Appearance
550,Gruß,4,A2,Grammar & Core Verbs
551,günstig,8,A2,Shopping & Finance
552,am,1,A2,Grammar & Core Verbs
553,Haar,1,A2,Body & Health
554,Hähnchen,9,A2,Food & Drink
555,Gehalt,8,A2,Work & Careers
556,gehören,8,A2,Grammar & Core Verbs
557,Geld,1,A2,Shopping & Finance
558,Geldbörse,9,A2,Shopping & Finance
559,genug,2,A2,Grammar & Core Verbs
560,Gepäck,3,A2,Travel & Tourism
561,gerade,5,A2,Grammar & Core Verbs
562,am,1,A2,Grammar & Core Verbs
563,Geschäft,3,A2,Shopping & Finance
564,Geschirr,6,A2,Food & Drink
565,Gespräch,3,A2,"Language, Communication & Media"
566,gestern,2,A2,Time & Calendar
567,Getränk,3,A2,Food & Drink
568,herein,5,A2,Grammar & Core Verbs
569,rein,4,A2,Grammar & Core Verbs
570,Herd,4,A2,Home & Living
571,Herr,1,A2,Family & Relationships
572,herunterladen,10,A2,Technology & Devices
573,herzlich,9,A2,Grammar & Core Verbs
574,Hilfe,2,A2,Grammar & Core Verbs
575,Himmel,8,A2,Grammar & Core Verbs
576,hin / hin- / -hin,10,A2,Grammar & Core Verbs
577,hinten,5,A2,Grammar & Core Verbs
578,hinter,5,A2,Grammar & Core Verbs
579,Hobby,2,A2,Sports & Leisure
580,Hochzeit,3,A2,Family & Relationships
581,hoffen,3,A2,Emotions & Personal Traits
582,Homepage,9,A2,"Language, Communication & Media"
583,hören,2,A2,Grammar & Core Verbs
584,Hose,1,A2,Clothing & Appearance
585,Hunger,3,A2,Food & Drink
586,hallo,2,A2,Grammar & Core Verbs
587,Hals,8,A2,Body & Health
588,halten,8,A2,Grammar & Core Verbs
589,Haltestelle,10,A2,Transportation
590,hängen,8,A2,Grammar & Core Verbs
591,Bild,1,A2,Arts & Culture
592,hart,4,A2,Grammar & Core Verbs
593,hässlich,9,A2,Grammar & Core Verbs
594,Hauptstadt,10,A2,Places & Geography
595,Haushalt,9,A2,Home & Living
596,Heft,8,A2,Education & Learning
597,Heimat,8,A2,Home & Living
598,heiraten,3,A2,Family & Relationships
599,heißen,3,A2,Grammar & Core Verbs
600,Heizung,8,A2,Home & Living
601,hell,4,A2,Grammar & Core Verbs
602,Hemd,8,A2,Clothing & Appearance
603,her / her- / -her,10,A2,Grammar & Core Verbs
604,heraus,5,A2,Grammar & Core Verbs
605,raus,4,A2,Grammar & Core Verbs
606,jung,1,A2,Grammar & Core Verbs
607,Junge,2,A2,Family & Relationships
608,Kaffee,3,A2,Food & Drink
609,Kalender,6,A2,Time & Calendar
610,kalt,1,A2,Grammar & Core Verbs
611,Kamera,8,A2,Arts & Culture
612,Kartoffel,9,A2,Food & Drink
613,Kaufhaus,9,A2,Shopping & Finance
614,Keller,8,A2,Home & Living
615,kennen,3,A2,Grammar & Core Verbs
616,kennenlernen,10,A2,Grammar & Core Verbs
617,Kenntnisse,10,A2,Education & Learning
618,Kette,8,A2,Clothing & Appearance
619,Kind,1,A2,Family & Relationships
620,immer,2,A2,Grammar & Core Verbs
621,Information,7,A2,"Language, Communication & Media"
622,informieren,10,A2,Grammar & Core Verbs
623,Insel,5,A2,"Nature, Weather & Animals"
624,Instrument,7,A2,Arts & Culture
625,interessieren,10,A2,Grammar & Core Verbs
626,international,10,A2,"Society, Law & Politics"
627,Internet,3,A2,"Language, Communication & Media"
628,Interview,9,A2,"Language, Communication & Media"
629,ja,1,A2,Grammar & Core Verbs
630,Jacke,2,A2,Clothing & Appearance
631,jemand,3,A2,Grammar & Core Verbs
632,joggen,5,A2,Sports & Leisure
633,Jugend-,6,A2,Travel & Tourism
634,kostenlos,7,A2,Shopping & Finance
635,krank,2,A2,Body & Health
636,Kranken-,9,A2,Body & Health
637,Kranken-,9,A2,Body & Health
638,Krankheit,9,A2,Body & Health
639,Kreuzung,9,A2,Transportation
640,Krimi,8,A2,Arts & Culture
641,Küche,2,A2,Home & Living
642,Kuchen,3,A2,Food & Drink
643,Kühl-,8,A2,Home & Living
644,Kultur,8,A2,Grammar & Core Verbs
645,kümmern,8,A2,Grammar & Core Verbs
646,Kunde,8,A2,Shopping & Finance
647,Kundin,8,A2,Shopping & Finance
648,kündigen,9,A2,Work & Careers
649,Kunst,2,A2,Education & Learning
650,Kurs,8,A2,Education & Learning
651,lachen,3,A2,Emotions & Personal Traits
652,Laden,2,A2,Shopping & Finance
653,Lampe,2,A2,Home & Living
654,wohnen,3,A2,Home & Living
655,Landschaft,10,A2,"Nature, Weather & Animals"
656,Kirche,8,A2,Arts & Culture
657,Klavier,8,A2,Arts & Culture
658,Kleid,8,A2,Clothing & Appearance
659,und,1,A2,Grammar & Core Verbs
660,klein,2,A2,Grammar & Core Verbs
661,klug,8,A2,Emotions & Personal Traits
662,kochen,3,A2,Food & Drink
663,Koffer,8,A2,Travel & Tourism
664,Kollegin,9,A2,Work & Careers
665,komisch,6,A2,Grammar & Core Verbs
666,komisch,6,A2,Grammar & Core Verbs
667,kommen,3,A2,Grammar & Core Verbs
668,können,3,A2,Grammar & Core Verbs
669,Kontakt,8,A2,Grammar & Core Verbs
670,Konto,8,A2,Shopping & Finance
671,kontrollieren,10,A2,Grammar & Core Verbs
672,Konzert,8,A2,Arts & Culture
673,Kopf,1,A2,Body & Health
674,tun,1,A2,Grammar & Core Verbs
675,Kosmetik,9,A2,Clothing & Appearance
676,interessant,10,A2,Grammar & Core Verbs
677,Link,8,A2,"Language, Communication & Media"
678,Lust,8,A2,Grammar & Core Verbs
679,lustig,3,A2,Grammar & Core Verbs
680,machen,3,A2,Grammar & Core Verbs
681,Essen,2,A2,Food & Drink
682,Mädchen,3,A2,Family & Relationships
683,Magen,8,A2,Grammar & Core Verbs
684,malen,8,A2,Arts & Culture
685,man,1,A2,Grammar & Core Verbs
686,manch-,8,A2,Grammar & Core Verbs
687,Mann,1,A2,Grammar & Core Verbs
688,Maschine,9,A2,Technology & Devices
689,meinen,8,A2,Grammar & Core Verbs
690,Meinung,8,A2,Grammar & Core Verbs
691,meist-,5,A2,Grammar & Core Verbs
692,lange,5,A2,Grammar & Core Verbs
693,laufen,3,A2,Sports & Leisure
694,Leben,2,A2,Grammar & Core Verbs
695,mittel,5,A2,Grammar & Core Verbs
696,leihen,8,A2,Grammar & Core Verbs
697,lesen,2,A2,"Language, Communication & Media"
698,letzt-,5,A2,Grammar & Core Verbs
699,Leute,2,A2,Grammar & Core Verbs
700,lieben,3,A2,Emotions & Personal Traits
701,liegen,3,A2,Grammar & Core Verbs
702,Moment,3,A2,Time & Calendar
703,morgen,3,A2,Time & Calendar
704,Motor,8,A2,Transportation
705,Mund,1,A2,Body & Health
706,Museum,3,A2,Arts & Culture
707,Musik,2,A2,Education & Learning
708,müssen,3,A2,Grammar & Core Verbs
709,musste,5,A2,Grammar & Core Verbs
710,Mütze,8,A2,Clothing & Appearance
711,nach,1,A2,Grammar & Core Verbs
712,Nachbar,8,A2,Grammar & Core Verbs
713,Nachricht,9,A2,"Language, Communication & Media"
714,Nähe,8,A2,Grammar & Core Verbs
715,Name,1,A2,Grammar & Core Verbs
716,nass,4,A2,Grammar & Core Verbs
717,Natur,2,A2,"Nature, Weather & Animals"
718,natürlich,2,A2,Grammar & Core Verbs
719,neben,2,A2,Grammar & Core Verbs
720,Mensch,3,A2,Grammar & Core Verbs
721,merken,8,A2,Grammar & Core Verbs
722,Messe,8,A2,Grammar & Core Verbs
723,Messer,8,A2,Food & Drink
724,Miete,8,A2,Home & Living
725,mieten,8,A2,Grammar & Core Verbs
726,Milch,2,A2,Food & Drink
727,Mineral-,6,A2,Food & Drink
728,mit,1,A2,Grammar & Core Verbs
729,Mitarbeiter,10,A2,Work & Careers
730,Mittagessen,10,A2,Food & Drink
731,Mittel,5,A2,Grammar & Core Verbs
732,Möbel,5,A2,Home & Living
733,Mobil-,5,A2,"Language, Communication & Media"
734,möchten,2,A2,Grammar & Core Verbs
735,Mode,1,A2,Clothing & Appearance
736,möglich,8,A2,Grammar & Core Verbs
737,offen,2,A2,Grammar & Core Verbs
738,öffnen,3,A2,Grammar & Core Verbs
739,oft,1,A2,Grammar & Core Verbs
740,Ohr,1,A2,Body & Health
741,Öl,4,A2,Food & Drink
742,online,3,A2,Grammar & Core Verbs
743,Orange,3,A2,Food & Drink
744,Ordnung,8,A2,Grammar & Core Verbs
745,organisieren,10,A2,Grammar & Core Verbs
746,Ort,1,A2,Places & Geography
747,Paar,1,A2,Family & Relationships
748,ein,1,A2,Grammar & Core Verbs
749,packen,5,A2,Grammar & Core Verbs
750,Paket,8,A2,"Language, Communication & Media"
751,Partner,8,A2,Family & Relationships
752,Partnerin,9,A2,Family & Relationships
753,Party,2,A2,Sports & Leisure
754,passieren,3,A2,Grammar & Core Verbs
755,nennen,5,A2,Grammar & Core Verbs
756,nervös,8,A2,Emotions & Personal Traits
757,neu,1,A2,Grammar & Core Verbs
758,nicht,2,A2,Grammar & Core Verbs
759,nichts,3,A2,Grammar & Core Verbs
760,nie,1,A2,Grammar & Core Verbs
761,niemand,6,A2,Grammar & Core Verbs
762,nirgends,9,A2,Grammar & Core Verbs
763,noch,1,A2,Grammar & Core Verbs
764,normal,5,A2,Grammar & Core Verbs
765,Note,8,A2,Education & Learning
766,Notiz,8,A2,Grammar & Core Verbs
767,Nudel,2,A2,Food & Drink
768,Nummer,3,A2,Numbers & Quantities
769,nur,1,A2,Grammar & Core Verbs
770,nützlich,9,A2,Grammar & Core Verbs
771,oben,4,A2,Grammar & Core Verbs
772,oder,1,A2,Grammar & Core Verbs
773,Projekt,8,A2,Work & Careers
774,Prospekt,9,A2,"Language, Communication & Media"
775,prüfen,5,A2,Education & Learning
776,Prüfung,6,A2,"Language, Communication & Media"
777,putzen,5,A2,Home & Living
778,Qualität,9,A2,Grammar & Core Verbs
779,Quiz,4,A2,Education & Learning
780,Radio,2,A2,"Language, Communication & Media"
781,Rathaus,8,A2,"Society, Law & Politics"
782,Rätsel,8,A2,Grammar & Core Verbs
783,rauchen,6,A2,Grammar & Core Verbs
784,Raum,8,A2,Grammar & Core Verbs
785,Rechnung,9,A2,Shopping & Finance
786,Regen,2,A2,"Nature, Weather & Animals"
787,Reinigung,9,A2,Home & Living
788,Pause,2,A2,Grammar & Core Verbs
789,Person,3,A2,Grammar & Core Verbs
790,Pizza,2,A2,Food & Drink
791,Plakat,8,A2,Arts & Culture
792,Plan,4,A2,Grammar & Core Verbs
793,Platz,2,A2,Places & Geography
794,plötzlich,9,A2,Grammar & Core Verbs
795,Polizei,6,A2,"Society, Law & Politics"
796,Portion,8,A2,Food & Drink
797,Poster,5,A2,Arts & Culture
798,Praktikum,9,A2,Work & Careers
799,Praxis,8,A2,Grammar & Core Verbs
800,Preis,5,A2,Shopping & Finance
801,preiswert,9,A2,Shopping & Finance
802,pro,1,A2,Grammar & Core Verbs
803,probieren,7,A2,Grammar & Core Verbs
804,Problem,3,A2,Grammar & Core Verbs
805,rund,4,A2,Grammar & Core Verbs
806,Rundgang,9,A2,Travel & Tourism
807,Sache,5,A2,Grammar & Core Verbs
808,Saft,4,A2,Food & Drink
809,sagen,2,A2,Grammar & Core Verbs
810,Salat,2,A2,Food & Drink
811,Salz,1,A2,Food & Drink
812,sammeln,6,A2,Grammar & Core Verbs
813,Satz,8,A2,"Language, Communication & Media"
814,Schalter,9,A2,Grammar & Core Verbs
815,scharf,5,A2,Food & Drink
816,scheinen,6,A2,Grammar & Core Verbs
817,schenken,6,A2,Grammar & Core Verbs
818,Schere,5,A2,Grammar & Core Verbs
819,schicken,6,A2,Grammar & Core Verbs
820,Schiff,5,A2,Transportation
821,Schirm,5,A2,Grammar & Core Verbs
822,Reise,5,A2,Travel & Tourism
823,Reisebüro,9,A2,Travel & Tourism
824,Reiseführer,10,A2,Travel & Tourism
825,reisen,5,A2,Travel & Tourism
826,reiten,8,A2,Sports & Leisure
827,renovieren,10,A2,Home & Living
828,Rentnerin,7,A2,Work & Careers
829,Reparatur,9,A2,Grammar & Core Verbs
830,reservieren,7,A2,Travel & Tourism
831,Rest,4,A2,Numbers & Quantities
832,Restaurant,3,A2,Food & Drink
833,Rezeption,9,A2,Travel & Tourism
834,richtig,2,A2,"Language, Communication & Media"
835,riechen,8,A2,Food & Drink
836,Rind,8,A2,Food & Drink
837,Rose,1,A2,Grammar & Core Verbs
838,Rücken,3,A2,Body & Health
839,rufen,5,A2,Grammar & Core Verbs
840,Ruhe,1,A2,Grammar & Core Verbs
841,ruhig,2,A2,Emotions & Personal Traits
842,Schüler,6,A2,Education & Learning
843,Schülerin,7,A2,Education & Learning
844,schwach,3,A2,Body & Health
845,schwierig,9,A2,Grammar & Core Verbs
846,schwimmen,7,A2,Sports & Leisure
847,See,4,A2,"Nature, Weather & Animals"
848,See,4,A2,"Nature, Weather & Animals"
849,sehen,2,A2,Grammar & Core Verbs
850,Sehens-,8,A2,Travel & Tourism
851,sehr,1,A2,Grammar & Core Verbs
852,Seife,8,A2,Grammar & Core Verbs
853,Service,6,A2,Grammar & Core Verbs
854,setzen,8,A2,Grammar & Core Verbs
855,schlecht,2,A2,Grammar & Core Verbs
856,schließen,7,A2,Grammar & Core Verbs
857,Schluss,6,A2,Grammar & Core Verbs
858,Schlüssel,7,A2,Home & Living
859,schmecken,7,A2,Food & Drink
860,Schmerz,6,A2,Body & Health
861,schneien,6,A2,"Nature, Weather & Animals"
862,schnell,2,A2,Grammar & Core Verbs
863,schon,2,A2,Grammar & Core Verbs
864,schön,2,A2,Grammar & Core Verbs
865,Schrank,6,A2,Home & Living
866,schrecklich,7,A2,Grammar & Core Verbs
867,schreiben,3,A2,"Language, Communication & Media"
868,schriftlich,10,A2,Grammar & Core Verbs
869,Schuh,2,A2,Clothing & Appearance
870,Schule,1,A2,Education & Learning
871,spielen,2,A2,Sports & Leisure
872,Sport,2,A2,Education & Learning
873,Sprache,3,A2,"Language, Communication & Media"
874,sprechen,3,A2,Grammar & Core Verbs
875,Sprech-,8,A2,Grammar & Core Verbs
876,Stadt,2,A2,Places & Geography
877,stattfinden,10,A2,Grammar & Core Verbs
878,stehen,3,A2,Grammar & Core Verbs
879,Stelle,8,A2,Work & Careers
880,stellen,6,A2,Grammar & Core Verbs
881,sterben,8,A2,Grammar & Core Verbs
882,Stiefel,8,A2,Clothing & Appearance
883,Stipen-,8,A2,Education & Learning
884,Stock,8,A2,Grammar & Core Verbs
885,Strand,3,A2,Grammar & Core Verbs
886,Straße,3,A2,Transportation
887,streiten,9,A2,Grammar & Core Verbs
888,singen,5,A2,Arts & Culture
889,Situation,9,A2,Grammar & Core Verbs
890,sitzen,3,A2,Grammar & Core Verbs
891,Ski,4,A2,Sports & Leisure
892,so,1,A2,Grammar & Core Verbs
893,Sofa,4,A2,Home & Living
894,sofort,5,A2,Time & Calendar
895,sogar,8,A2,Grammar & Core Verbs
896,sollen,5,A2,Grammar & Core Verbs
897,Sonne,2,A2,"Nature, Weather & Animals"
898,spannend,9,A2,Grammar & Core Verbs
899,sparen,8,A2,Shopping & Finance
900,Spaß,4,A2,Grammar & Core Verbs
901,Spazier-,9,A2,Sports & Leisure
902,speichern,9,A2,Technology & Devices
903,Speisekarte,10,A2,Food & Drink
904,Spiel,2,A2,Sports & Leisure
905,teilnehmen,10,A2,Grammar & Core Verbs
906,Telefon,3,A2,"Language, Communication & Media"
907,Teller,3,A2,Food & Drink
908,Tennis,3,A2,Sports & Leisure
909,Tipp,8,A2,Grammar & Core Verbs
910,Torte,8,A2,Food & Drink
911,Tourist,3,A2,Travel & Tourism
912,tragen,3,A2,Clothing & Appearance
913,trainieren,10,A2,Sports & Leisure
914,Training,9,A2,Sports & Leisure
915,Traum,2,A2,Grammar & Core Verbs
916,Student,6,A2,Education & Learning
917,studieren,7,A2,Education & Learning
918,Studium,8,A2,Education & Learning
919,super,2,A2,Grammar & Core Verbs
920,Supermarkt,7,A2,Shopping & Finance
921,Suppe,2,A2,Food & Drink
922,süß,1,A2,Food & Drink
923,Süßigkeiten,10,A2,Grammar & Core Verbs
924,sympathisch,7,A2,Emotions & Personal Traits
925,Tablet,8,A2,Technology & Devices
926,Tablette,9,A2,Body & Health
927,tanzen,5,A2,Sports & Leisure
928,Tasche,3,A2,Clothing & Appearance
929,Taschengeld,10,A2,Shopping & Finance
930,Tasse,2,A2,Food & Drink
931,Taxi,1,A2,Transportation
932,Tee,1,A2,Food & Drink
933,unbedingt,9,A2,Grammar & Core Verbs
934,und,1,A2,Grammar & Core Verbs
935,Unfall,8,A2,Grammar & Core Verbs
936,Universität,10,A2,Education & Learning
937,Unterkunft,10,A2,Travel & Tourism
938,unternehmen,10,A2,Grammar & Core Verbs
939,Unterricht,10,A2,Education & Learning
940,unterschreiben,10,A2,Grammar & Core Verbs
941,Unterschrift,10,A2,"Society, Law & Politics"
942,Urlaub,5,A2,Travel & Tourism
943,Veranstal-,10,A2,Arts & Culture
944,verbieten,9,A2,Grammar & Core Verbs
945,verboten,9,A2,"Society, Law & Politics"
946,verdienen,9,A2,Work & Careers
947,Verein,8,A2,"Society, Law & Politics"
948,vereinbaren,10,A2,Grammar & Core Verbs
949,vergessen,9,A2,Grammar & Core Verbs
950,Treppe,5,A2,Home & Living
951,trinken,2,A2,Food & Drink
952,trocken,6,A2,"Nature, Weather & Animals"
953,Tür,1,A2,Home & Living
954,üben,4,A2,Education & Learning
955,über,1,A2,Grammar & Core Verbs
956,übermorgen,10,A2,Time & Calendar
957,übernachten,10,A2,Grammar & Core Verbs
958,übersetzen,10,A2,"Language, Communication & Media"
959,Über-,8,A2,Grammar & Core Verbs
960,überweisen,10,A2,Grammar & Core Verbs
961,Uhr,1,A2,Time & Calendar
962,um,1,A2,Grammar & Core Verbs
963,umsteigen,9,A2,Transportation
964,umziehen,9,A2,Home & Living
965,Umzug,8,A2,Home & Living
966,Volleyball,10,A2,Sports & Leisure
967,von,1,A2,Grammar & Core Verbs
968,vor,1,A2,Grammar & Core Verbs
969,vorbei,5,A2,Grammar & Core Verbs
970,vorbereiten,10,A2,Grammar & Core Verbs
971,vorgestern,10,A2,Time & Calendar
972,vorsichtig,7,A2,Grammar & Core Verbs
973,vorstellen,10,A2,Grammar & Core Verbs
974,vorwärts,9,A2,Grammar & Core Verbs
975,wach,4,A2,Grammar & Core Verbs
976,Wagen,5,A2,Grammar & Core Verbs
977,wählen,5,A2,"Society, Law & Politics"
978,wahr,4,A2,Grammar & Core Verbs
979,Wald,1,A2,"Nature, Weather & Animals"
980,wandern,8,A2,Sports & Leisure
981,wann,1,A2,Grammar & Core Verbs
982,warm,1,A2,"Nature, Weather & Animals"
983,warten,3,A2,Grammar & Core Verbs
984,verkaufen,7,A2,Shopping & Finance
985,Verkehr,8,A2,Transportation
986,verletzen,9,A2,Grammar & Core Verbs
987,verlieben,9,A2,Grammar & Core Verbs
988,verlieren,9,A2,Sports & Leisure
989,vermieten,9,A2,Grammar & Core Verbs
990,Vermieter,9,A2,Home & Living
991,Vermieterin,10,A2,Home & Living
992,verpassen,9,A2,Grammar & Core Verbs
993,verreisen,9,A2,Travel & Tourism
994,verschieben,10,A2,Grammar & Core Verbs
995,verschieden,10,A2,Grammar & Core Verbs
996,Verspätung,10,A2,Transportation
997,versuchen,7,A2,Grammar & Core Verbs
998,Vertrag,8,A2,Work & Careers
999,vielleicht,2,A2,Grammar & Core Verbs
1000,Vogel,5,A2,"Nature, Weather & Animals"
1001,voll,4,A2,Grammar & Core Verbs
1002,werden,5,A2,Grammar & Core Verbs
1003,sie,1,A2,Grammar & Core Verbs
1004,Werkstatt,9,A2,Work & Careers
1005,Wettbewerb,10,A2,Sports & Leisure
1006,wie,1,A2,Grammar & Core Verbs
1007,wieder,3,A2,Grammar & Core Verbs
1008,wiederholen,10,A2,Education & Learning
1009,Wiederhören,10,A2,Grammar & Core Verbs
1010,Wiedersehen,10,A2,Grammar & Core Verbs
1011,wirklich,2,A2,Grammar & Core Verbs
1012,wissen,5,A2,Grammar & Core Verbs
1013,Witz,4,A2,Arts & Culture
1014,wo,1,A2,Grammar & Core Verbs
1015,woher,5,A2,Grammar & Core Verbs
1016,wohin,5,A2,Grammar & Core Verbs
1017,wohnen,3,A2,Home & Living
1018,Wohnung,3,A2,Home & Living
1019,Wohnzimmer,10,A2,Home & Living
1020,Wäsche,8,A2,Home & Living
1021,waschen,6,A2,Home & Living
1022,Wasser,3,A2,Food & Drink
1023,Webseite,9,A2,"Language, Communication & Media"
1024,wecken,5,A2,Grammar & Core Verbs
1025,weg/weg-,9,A2,Grammar & Core Verbs
1026,Weg,4,A2,Transportation
1027,wegen,5,A2,Grammar & Core Verbs
1028,weiblich,9,A2,Grammar & Core Verbs
1029,weich,5,A2,Grammar & Core Verbs
1030,Wein,1,A2,Food & Drink
1031,weinen,5,A2,Emotions & Personal Traits
1032,weit,4,A2,Grammar & Core Verbs
1033,weiter,5,A2,Grammar & Core Verbs
1034,Welt,1,A2,Grammar & Core Verbs
1035,wenigstens,10,A2,Grammar & Core Verbs
1036,Zimmer,3,A2,Home & Living
1037,Zirkus,5,A2,Sports & Leisure
1038,Zoo,1,A2,"Nature, Weather & Animals"
1039,Zucker,5,A2,Food & Drink
1040,zufrieden,7,A2,Emotions & Personal Traits
1041,Zug,1,A2,Transportation
1042,zuletzt,8,A2,Grammar & Core Verbs
1043,zumachen,9,A2,Grammar & Core Verbs
1044,zusammen,6,A2,Grammar & Core Verbs
1045,zwischen,6,A2,Grammar & Core Verbs
1046,wollen,3,A2,Grammar & Core Verbs
1047,Workshop,9,A2,Grammar & Core Verbs
1048,Wort,1,A2,"Language, Communication & Media"
1049,wunderbar,7,A2,Grammar & Core Verbs
1050,Wunsch,5,A2,Grammar & Core Verbs
1051,wünschen,6,A2,Emotions & Personal Traits
1052,Zahl,4,A2,Numbers & Quantities
1053,Zahn,4,A2,Body & Health
1054,zeigen,5,A2,Grammar & Core Verbs
1055,Zeit,1,A2,Time & Calendar
1056,Zelt,4,A2,Grammar & Core Verbs
1057,Zettel,5,A2,Grammar & Core Verbs
1058,Zeugnis,8,A2,Education & Learning
1059,Ziel,4,A2,Grammar & Core Verbs
1,Abo,4,B1,"Language, Communication & Media"
2,Akku,4,B1,"Language, Communication & Media"
3,Azubi,4,B1,"Language, Communication & Media"
4,EG,1,B1,"Language, Communication & Media"
5,Baby,2,B1,"Language, Communication & Media"
6,Babysitter,7,B1,Work & Careers
7,Band,4,B1,"Language, Communication & Media"
8,Camp,4,B1,"Language, Communication & Media"
9,übergeordneten,10,B1,"Language, Communication & Media"
10,Smartphone,7,B1,"Language, Communication & Media"
11,Song,4,B1,"Language, Communication & Media"
12,Swimmingpool,10,B1,"Language, Communication & Media"
13,Aufgabe,5,B1,"Language, Communication & Media"
14,ankreuzen,7,B1,"Language, Communication & Media"
15,Antwortbogen,10,B1,"Language, Communication & Media"
16,Anzeige,5,B1,"Language, Communication & Media"
17,richtig,3,B1,"Language, Communication & Media"
18,Durchsage,8,B1,"Language, Communication & Media"
19,Einleitung,8,B1,"Language, Communication & Media"
20,Folie,3,B1,"Language, Communication & Media"
21,Hilfsmittel,9,B1,"Language, Communication & Media"
22,Kommentar,7,B1,"Language, Communication & Media"
23,lösen,4,B1,"Language, Communication & Media"
24,Moderator,8,B1,"Language, Communication & Media"
25,Modul,4,B1,"Language, Communication & Media"
26,Präsentation,10,B1,"Language, Communication & Media"
27,Punkt,3,B1,"Language, Communication & Media"
28,Rückmeldung,9,B1,"Language, Communication & Media"
29,Struktur,7,B1,"Language, Communication & Media"
30,Textaufbau,8,B1,"Language, Communication & Media"
31,übertragen,8,B1,"Language, Communication & Media"
32,zuordnen,7,B1,"Language, Communication & Media"
33,Österreich,7,B1,Places & Geography
34,Österreich,7,B1,Places & Geography
35,Norden,4,B1,Places & Geography
36,Osten,4,B1,Places & Geography
37,-östlich,7,B1,Places & Geography
38,Süden,4,B1,Places & Geography
39,Deutsche,3,B1,Places & Geography
40,Europa,3,B1,Places & Geography
41,Europäerin,8,B1,Places & Geography
42,europäisch,8,B1,Places & Geography
43,Österreicher,10,B1,Places & Geography
44,Türkei,4,B1,Places & Geography
45,Ukraine,5,B1,Places & Geography
46,Ukrainer,7,B1,Places & Geography
47,Bund,4,B1,"Society, Law & Politics"
48,Bundeskanzler,10,B1,"Society, Law & Politics"
49,Bundeskanzlerin,10,B1,"Society, Law & Politics"
50,Bundespräsident,10,B1,"Society, Law & Politics"
51,Bundespräsidentin,10,B1,"Society, Law & Politics"
52,Bürgermeister,10,B1,"Society, Law & Politics"
53,Bürgermeisterin,10,B1,"Society, Law & Politics"
54,Ministerin,8,B1,"Society, Law & Politics"
55,Parlament,8,B1,"Society, Law & Politics"
56,Partei,7,B1,"Society, Law & Politics"
57,Staat,4,B1,"Society, Law & Politics"
58,Bankwesen,8,B1,Shopping & Finance
59,Affe,4,B1,"Nature, Weather & Animals"
60,Bär,1,B1,"Nature, Weather & Animals"
61,Frühling,6,B1,Time & Calendar
62,Sommer,3,B1,Time & Calendar
63,Januar,4,B1,Time & Calendar
64,Februar,7,B1,Time & Calendar
65,Tag,1,B1,Numbers & Quantities
66,Morgen,3,B1,Time & Calendar
67,Mittag,4,B1,Time & Calendar
68,Sekunde,5,B1,Time & Calendar
69,Minute,3,B1,Time & Calendar
70,stündlich,8,B1,Time & Calendar
71,Wochentag,8,B1,Time & Calendar
72,Wochenende,8,B1,Time & Calendar
73,Dienstag,7,B1,Time & Calendar
74,Mittwoch,6,B1,Time & Calendar
75,zehn,2,B1,Numbers & Quantities
76,halb,2,B1,Numbers & Quantities
77,Abitur,4,B1,Education & Learning
78,abmachen,6,B1,Grammar & Core Verbs
79,abnehmen,6,B1,Grammar & Core Verbs
80,abonnieren,8,B1,Grammar & Core Verbs
81,Abonnement,8,B1,Grammar & Core Verbs
82,absagen,7,B1,Grammar & Core Verbs
83,Abschluss,8,B1,Grammar & Core Verbs
84,Abschnitt,8,B1,"Language, Communication & Media"
85,Absender,7,B1,"Language, Communication & Media"
86,Absenderin,8,B1,"Language, Communication & Media"
87,Absicht,7,B1,Grammar & Core Verbs
88,absolut,7,B1,Grammar & Core Verbs
89,abstimmen,8,B1,Grammar & Core Verbs
90,Abteilung,8,B1,Work & Careers
91,Hausmeister,9,B1,Home & Living
92,Hausmeisterin,10,B1,Home & Living
93,abwärts,7,B1,Grammar & Core Verbs
94,abwaschen,8,B1,Grammar & Core Verbs
95,abwesend,7,B1,Grammar & Core Verbs
96,achten,4,B1,Grammar & Core Verbs
97,ab,1,B1,Grammar & Core Verbs
98,abbiegen,7,B1,Transportation
99,Abbildung,8,B1,Grammar & Core Verbs
100,Abenteuer,8,B1,Travel & Tourism
101,aber,2,B1,Grammar & Core Verbs
102,abfahren,6,B1,Transportation
103,Abfahrt,5,B1,Transportation
104,Abfall,4,B1,Home & Living
105,Abfalleimer,9,B1,Home & Living
106,abhängen,6,B1,Grammar & Core Verbs
107,abhängig,7,B1,Grammar & Core Verbs
108,abheben,5,B1,Grammar & Core Verbs
109,abholen,5,B1,Grammar & Core Verbs
110,Hausaufgaben,10,B1,Education & Learning
111,gemacht,5,B1,Grammar & Core Verbs
112,abgelehnt,8,B1,Grammar & Core Verbs
113,Getränke,6,B1,Food & Drink
114,abnehmen,6,B1,Grammar & Core Verbs
115,weil,2,B1,Grammar & Core Verbs
116,wichtig,5,B1,Grammar & Core Verbs
117,abwesend,7,B1,Grammar & Core Verbs
118,abschließen,9,B1,Grammar & Core Verbs
119,Gerät,3,B1,Technology & Devices
120,teure Geschichten,10,B1,Grammar & Core Verbs
121,ganz,2,B1,Grammar & Core Verbs
122,trotzdem,6,B1,Grammar & Core Verbs
123,sind,2,B1,Grammar & Core Verbs
124,gehen,1,B1,Grammar & Core Verbs
125,leider,4,B1,Grammar & Core Verbs
126,bis,1,B1,Grammar & Core Verbs
127,zum,1,B1,Grammar & Core Verbs
128,verschmutzen,10,B1,Grammar & Core Verbs
129,abhängig,7,B1,Grammar & Core Verbs
130,meinem,4,B1,Grammar & Core Verbs
131,abgeholt,6,B1,Grammar & Core Verbs
132,Abitur,4,B1,Education & Learning
133,abmachen,6,B1,Grammar & Core Verbs
134,abnehmen,6,B1,Grammar & Core Verbs
135,abonnieren,8,B1,Grammar & Core Verbs
136,Abonnement,8,B1,Grammar & Core Verbs
137,absagen,7,B1,Grammar & Core Verbs
138,Abschluss,8,B1,Grammar & Core Verbs
139,Abschnitt,8,B1,"Language, Communication & Media"
140,Absender,7,B1,"Language, Communication & Media"
141,Absenderin,8,B1,"Language, Communication & Media"
142,Absicht,7,B1,Grammar & Core Verbs
143,absolut,7,B1,Grammar & Core Verbs
144,abstimmen,8,B1,Grammar & Core Verbs
145,Abteilung,8,B1,Work & Careers
146,abwärts,7,B1,Grammar & Core Verbs
147,abwaschen,8,B1,Grammar & Core Verbs
148,abwesend,7,B1,Grammar & Core Verbs
149,achten,4,B1,Grammar & Core Verbs
150,ab,1,B1,Grammar & Core Verbs
151,abbiegen,7,B1,Transportation
152,Abbildung,8,B1,Grammar & Core Verbs
153,Abenteuer,8,B1,Travel & Tourism
154,aber,2,B1,Grammar & Core Verbs
155,abfahren,6,B1,Transportation
156,Abfahrt,5,B1,Transportation
157,Abfall,4,B1,Home & Living
158,Abfalleimer,9,B1,Home & Living
159,abhängen,6,B1,Grammar & Core Verbs
160,abhängig,7,B1,Grammar & Core Verbs
161,abheben,5,B1,Grammar & Core Verbs
162,abholen,5,B1,Grammar & Core Verbs
163,Hausaufgaben,10,B1,Education & Learning
164,gemacht,5,B1,Grammar & Core Verbs
165,abgelehnt,8,B1,Grammar & Core Verbs
166,Getränke,6,B1,Food & Drink
167,abnehmen,6,B1,Grammar & Core Verbs
168,weil,2,B1,Grammar & Core Verbs
169,wichtig,5,B1,Grammar & Core Verbs
170,abwesend,7,B1,Grammar & Core Verbs
171,abschließen,9,B1,Grammar & Core Verbs
172,Gerät,3,B1,Technology & Devices
173,teure Geschichten,10,B1,Grammar & Core Verbs
174,ganz,2,B1,Grammar & Core Verbs
175,trotzdem,6,B1,Grammar & Core Verbs
176,sind,2,B1,Grammar & Core Verbs
177,gehen,1,B1,Grammar & Core Verbs
178,leider,4,B1,Grammar & Core Verbs
179,bis,1,B1,Grammar & Core Verbs
180,zum,1,B1,Grammar & Core Verbs
181,verschmutzen,10,B1,Grammar & Core Verbs
182,abhängig,7,B1,Grammar & Core Verbs
183,meinem,4,B1,Grammar & Core Verbs
184,abgeholt,6,B1,Grammar & Core Verbs
185,Alphabet,6,B1,Education & Learning
186,als,1,B1,Grammar & Core Verbs
187,als,1,B1,Grammar & Core Verbs
188,also,2,B1,Grammar & Core Verbs
189,alt,1,B1,Grammar & Core Verbs
190,Alter,3,B1,Grammar & Core Verbs
191,Altenheim,8,B1,Body & Health
192,Altersheim,8,B1,Body & Health
193,alternativ,8,B1,Grammar & Core Verbs
194,Alternative,9,B1,Grammar & Core Verbs
195,Ampel,3,B1,Transportation
196,an,1,B1,Grammar & Core Verbs
197,analysieren,9,B1,Grammar & Core Verbs
198,anbieten,6,B1,Grammar & Core Verbs
199,Adresse,5,B1,"Language, Communication & Media"
200,ähnlich,5,B1,Grammar & Core Verbs
201,Ahnung,4,B1,Grammar & Core Verbs
202,Aktion,7,B1,Grammar & Core Verbs
203,Aktivität,8,B1,Sports & Leisure
204,aktuell,5,B1,Grammar & Core Verbs
205,akzeptieren,9,B1,Grammar & Core Verbs
206,Alarm,3,B1,Grammar & Core Verbs
207,Alkohol,5,B1,Food & Drink
208,all,1,B1,Grammar & Core Verbs
209,allein,4,B1,Grammar & Core Verbs
210,aller,1,B1,Grammar & Core Verbs
211,allerdings,8,B1,Grammar & Core Verbs
212,allgemein,8,B1,Grammar & Core Verbs
213,Alltag,7,B1,Time & Calendar
214,langweilig,8,B1,Grammar & Core Verbs
215,alltägliche,9,B1,Grammar & Core Verbs
216,in,1,B1,Grammar & Core Verbs
217,schon,1,B1,Grammar & Core Verbs
218,auch,2,B1,Grammar & Core Verbs
219,helfen,4,B1,Grammar & Core Verbs
220,im,1,B1,Grammar & Core Verbs
221,gute,2,B1,Grammar & Core Verbs
222,dem,1,B1,Grammar & Core Verbs
223,amüsiert,6,B1,Emotions & Personal Traits
224,und,1,B1,Grammar & Core Verbs
225,akzeptieren,9,B1,Grammar & Core Verbs
226,nicht,1,B1,Grammar & Core Verbs
227,reinigen,6,B1,Grammar & Core Verbs
228,schaffe,5,B1,Grammar & Core Verbs
229,schon,1,B1,Grammar & Core Verbs
